case,image,json,output,components,pins,edges
0001,d:\赛题六公开数据集\赛题六公开数据集\200_train_cases\0001\0001-KiCad.png,d:\赛题六公开数据集\赛题六公开数据集\200_train_cases\0001\0001-KiCad_target_named.json,outputs\annotation_preview\200_train_cases\0001_annotated.png,91,224,340
0002,d:\赛题六公开数据集\赛题六公开数据集\200_train_cases\0002\0002-Datasheet.png,d:\赛题六公开数据集\赛题六公开数据集\200_train_cases\0002\0002-Datasheet_target_named.json,outputs\annotation_preview\200_train_cases\0002_annotated.png,12,28,53
0003,d:\赛题六公开数据集\赛题六公开数据集\200_train_cases\0003\0003-Altium Designer.png,d:\赛题六公开数据集\赛题六公开数据集\200_train_cases\0003\0003-Altium Designer_target_named.json,outputs\annotation_preview\200_train_cases\0003_annotated.png,36,143,329
0004,d:\赛题六公开数据集\赛题六公开数据集\200_train_cases\0004\0004-other.png,d:\赛题六公开数据集\赛题六公开数据集\200_train_cases\0004\0004-other_target_named.json,outputs\annotation_preview\200_train_cases\0004_annotated.png,59,136,174
0005,d:\赛题六公开数据集\赛题六公开数据集\200_train_cases\0005\0005-kicad.png,d:\赛题六公开数据集\赛题六公开数据集\200_train_cases\0005\0005-kicad_target_named.json,outputs\annotation_preview\200_train_cases\0005_annotated.png,18,56,125
0006,d:\赛题六公开数据集\赛题六公开数据集\200_train_cases\0006\0006-jlc.png,d:\赛题六公开数据集\赛题六公开数据集\200_train_cases\0006\0006-jlc_target_named.json,outputs\annotation_preview\200_train_cases\0006_annotated.png,86,146,137
0007,d:\赛题六公开数据集\赛题六公开数据集\200_train_cases\0007\0007-Datasheet.png,d:\赛题六公开数据集\赛题六公开数据集\200_train_cases\0007\0007-Datasheet_target_named.json,outputs\annotation_preview\200_train_cases\0007_annotated.png,21,51,127
0008,d:\赛题六公开数据集\赛题六公开数据集\200_train_cases\0008\0008-Altium Designer.png,d:\赛题六公开数据集\赛题六公开数据集\200_train_cases\0008\0008-Altium Designer_target_named.json,outputs\annotation_preview\200_train_cases\0008_annotated.png,36,72,113
0009,d:\赛题六公开数据集\赛题六公开数据集\200_train_cases\0009\0009-Datasheet.png,d:\赛题六公开数据集\赛题六公开数据集\200_train_cases\0009\0009-Datasheet_target_named.json,outputs\annotation_preview\200_train_cases\0009_annotated.png,16,44,74
0010,d:\赛题六公开数据集\赛题六公开数据集\200_train_cases\0010\0010-Altium Designer.png,d:\赛题六公开数据集\赛题六公开数据集\200_train_cases\0010\0010-Altium Designer_target_named.json,outputs\annotation_preview\200_train_cases\0010_annotated.png,22,77,121
0011,d:\赛题六公开数据集\赛题六公开数据集\200_train_cases\0011\0011-Altium Designer.png,d:\赛题六公开数据集\赛题六公开数据集\200_train_cases\0011\0011-Altium Designer_target_named.json,outputs\annotation_preview\200_train_cases\0011_annotated.png,61,164,281
0012,d:\赛题六公开数据集\赛题六公开数据集\200_train_cases\0012\0012-Altium Designer.png,d:\赛题六公开数据集\赛题六公开数据集\200_train_cases\0012\0012-Altium Designer_target_named.json,outputs\annotation_preview\200_train_cases\0012_annotated.png,44,100,249
0013,d:\赛题六公开数据集\赛题六公开数据集\200_train_cases\0013\0013-KiCad.png,d:\赛题六公开数据集\赛题六公开数据集\200_train_cases\0013\0013-KiCad_target_named.json,outputs\annotation_preview\200_train_cases\0013_annotated.png,30,71,107
0014,d:\赛题六公开数据集\赛题六公开数据集\200_train_cases\0014\0014-Altium Designer.png,d:\赛题六公开数据集\赛题六公开数据集\200_train_cases\0014\0014-Altium Designer_target_named.json,outputs\annotation_preview\200_train_cases\0014_annotated.png,33,87,97
0015,d:\赛题六公开数据集\赛题六公开数据集\200_train_cases\0015\0015-Datasheet.png,d:\赛题六公开数据集\赛题六公开数据集\200_train_cases\0015\0015-Datasheet_target_named.json,outputs\annotation_preview\200_train_cases\0015_annotated.png,36,80,95
0016,d:\赛题六公开数据集\赛题六公开数据集\200_train_cases\0016\0016-Datasheet.png,d:\赛题六公开数据集\赛题六公开数据集\200_train_cases\0016\0016-Datasheet_target_named.json,outputs\annotation_preview\200_train_cases\0016_annotated.png,55,208,346
0017,d:\赛题六公开数据集\赛题六公开数据集\200_train_cases\0017\0017-Datasheet.png,d:\赛题六公开数据集\赛题六公开数据集\200_train_cases\0017\0017-Datasheet_target_named.json,outputs\annotation_preview\200_train_cases\0017_annotated.png,43,163,305
0018,d:\赛题六公开数据集\赛题六公开数据集\200_train_cases\0018\0018-Altium Designer.png,d:\赛题六公开数据集\赛题六公开数据集\200_train_cases\0018\0018-Altium Designer_target_named.json,outputs\annotation_preview\200_train_cases\0018_annotated.png,41,132,252
0019,d:\赛题六公开数据集\赛题六公开数据集\200_train_cases\0019\0019-Altium Designer.png,d:\赛题六公开数据集\赛题六公开数据集\200_train_cases\0019\0019-Altium Designer_target_named.json,outputs\annotation_preview\200_train_cases\0019_annotated.png,34,164,269
0020,d:\赛题六公开数据集\赛题六公开数据集\200_train_cases\0020\0020-Altium Designer.png,d:\赛题六公开数据集\赛题六公开数据集\200_train_cases\0020\0020-Altium Designer_target_named.json,outputs\annotation_preview\200_train_cases\0020_annotated.png,68,195,303
0021,d:\赛题六公开数据集\赛题六公开数据集\200_train_cases\0021\0021-other.png,d:\赛题六公开数据集\赛题六公开数据集\200_train_cases\0021\0021-other_target_named.json,outputs\annotation_preview\200_train_cases\0021_annotated.png,16,27,23
0022,d:\赛题六公开数据集\赛题六公开数据集\200_train_cases\0022\0022-other.png,d:\赛题六公开数据集\赛题六公开数据集\200_train_cases\0022\0022-other_target_named.json,outputs\annotation_preview\200_train_cases\0022_annotated.png,17,35,94
0023,d:\赛题六公开数据集\赛题六公开数据集\200_train_cases\0023\0023-other.png,d:\赛题六公开数据集\赛题六公开数据集\200_train_cases\0023\0023-other_target_named.json,outputs\annotation_preview\200_train_cases\0023_annotated.png,12,20,47
0024,d:\赛题六公开数据集\赛题六公开数据集\200_train_cases\0024\0024-other.png,d:\赛题六公开数据集\赛题六公开数据集\200_train_cases\0024\0024-other_target_named.json,outputs\annotation_preview\200_train_cases\0024_annotated.png,27,67,150
0025,d:\赛题六公开数据集\赛题六公开数据集\200_train_cases\0025\0025-Altium Designer.png,d:\赛题六公开数据集\赛题六公开数据集\200_train_cases\0025\0025-Altium Designer_target_named.json,outputs\annotation_preview\200_train_cases\0025_annotated.png,10,18,52
0026,d:\赛题六公开数据集\赛题六公开数据集\200_train_cases\0026\0026-Datasheet.png,d:\赛题六公开数据集\赛题六公开数据集\200_train_cases\0026\0026-Datasheet_target_named.json,outputs\annotation_preview\200_train_cases\0026_annotated.png,29,67,85
0027,d:\赛题六公开数据集\赛题六公开数据集\200_train_cases\0027\0027-Datasheet.png,d:\赛题六公开数据集\赛题六公开数据集\200_train_cases\0027\0027-Datasheet_target_named.json,outputs\annotation_preview\200_train_cases\0027_annotated.png,45,89,87
0028,d:\赛题六公开数据集\赛题六公开数据集\200_train_cases\0028\0028-Datasheet.png,d:\赛题六公开数据集\赛题六公开数据集\200_train_cases\0028\0028-Datasheet_target_named.json,outputs\annotation_preview\200_train_cases\0028_annotated.png,67,149,232
0029,d:\赛题六公开数据集\赛题六公开数据集\200_train_cases\0029\0029-Datasheet.png,d:\赛题六公开数据集\赛题六公开数据集\200_train_cases\0029\0029-Datasheet_target_named.json,outputs\annotation_preview\200_train_cases\0029_annotated.png,36,88,113
0030,d:\赛题六公开数据集\赛题六公开数据集\200_train_cases\0030\0030-Datasheet.png,d:\赛题六公开数据集\赛题六公开数据集\200_train_cases\0030\0030-Datasheet_target_named.json,outputs\annotation_preview\200_train_cases\0030_annotated.png,13,29,73
0031,d:\赛题六公开数据集\赛题六公开数据集\200_train_cases\0031\0031-Datasheet.png,d:\赛题六公开数据集\赛题六公开数据集\200_train_cases\0031\0031-Datasheet_target_named.json,outputs\annotation_preview\200_train_cases\0031_annotated.png,21,51,69
0032,d:\赛题六公开数据集\赛题六公开数据集\200_train_cases\0032\0032-Datasheet.png,d:\赛题六公开数据集\赛题六公开数据集\200_train_cases\0032\0032-Datasheet_target_named.json,outputs\annotation_preview\200_train_cases\0032_annotated.png,20,43,57
0033,d:\赛题六公开数据集\赛题六公开数据集\200_train_cases\0033\0033-Datasheet.png,d:\赛题六公开数据集\赛题六公开数据集\200_train_cases\0033\0033-Datasheet_target_named.json,outputs\annotation_preview\200_train_cases\0033_annotated.png,23,44,54
0034,d:\赛题六公开数据集\赛题六公开数据集\200_train_cases\0034\0034-Datasheet.png,d:\赛题六公开数据集\赛题六公开数据集\200_train_cases\0034\0034-Datasheet_target_named.json,outputs\annotation_preview\200_train_cases\0034_annotated.png,30,55,90
0035,d:\赛题六公开数据集\赛题六公开数据集\200_train_cases\0035\0035-Datasheet.png,d:\赛题六公开数据集\赛题六公开数据集\200_train_cases\0035\0035-Datasheet_target_named.json,outputs\annotation_preview\200_train_cases\0035_annotated.png,24,45,44
0036,d:\赛题六公开数据集\赛题六公开数据集\200_train_cases\0036\0036-Datasheet.png,d:\赛题六公开数据集\赛题六公开数据集\200_train_cases\0036\0036-Datasheet_target_named.json,outputs\annotation_preview\200_train_cases\0036_annotated.png,21,37,33
0037,d:\赛题六公开数据集\赛题六公开数据集\200_train_cases\0037\0037-Datasheet.png,d:\赛题六公开数据集\赛题六公开数据集\200_train_cases\0037\0037-Datasheet_target_named.json,outputs\annotation_preview\200_train_cases\0037_annotated.png,13,24,25
0038,d:\赛题六公开数据集\赛题六公开数据集\200_train_cases\0038\0038-Altium Designer.png,d:\赛题六公开数据集\赛题六公开数据集\200_train_cases\0038\0038-Altium Designer_target_named.json,outputs\annotation_preview\200_train_cases\0038_annotated.png,15,28,42
0039,d:\赛题六公开数据集\赛题六公开数据集\200_train_cases\0039\0039-other.png,d:\赛题六公开数据集\赛题六公开数据集\200_train_cases\0039\0039-other_target_named.json,outputs\annotation_preview\200_train_cases\0039_annotated.png,16,35,59
0040,d:\赛题六公开数据集\赛题六公开数据集\200_train_cases\0040\0040-Altium Designer.png,d:\赛题六公开数据集\赛题六公开数据集\200_train_cases\0040\0040-Altium Designer_target_named.json,outputs\annotation_preview\200_train_cases\0040_annotated.png,15,62,131
0041,d:\赛题六公开数据集\赛题六公开数据集\200_train_cases\0041\0041-Datasheet.png,d:\赛题六公开数据集\赛题六公开数据集\200_train_cases\0041\0041-Datasheet_target_named.json,outputs\annotation_preview\200_train_cases\0041_annotated.png,75,234,446
0042,d:\赛题六公开数据集\赛题六公开数据集\200_train_cases\0042\0042-Altium Designer.png,d:\赛题六公开数据集\赛题六公开数据集\200_train_cases\0042\0042-Altium Designer_target_named.json,outputs\annotation_preview\200_train_cases\0042_annotated.png,16,41,84
0043,d:\赛题六公开数据集\赛题六公开数据集\200_train_cases\0043\0043-Altium Designer.png,d:\赛题六公开数据集\赛题六公开数据集\200_train_cases\0043\0043-Altium Designer_target_named.json,outputs\annotation_preview\200_train_cases\0043_annotated.png,50,169,375
0044,d:\赛题六公开数据集\赛题六公开数据集\200_train_cases\0044\0044-Datasheet.png,d:\赛题六公开数据集\赛题六公开数据集\200_train_cases\0044\0044-Datasheet_target_named.json,outputs\annotation_preview\200_train_cases\0044_annotated.png,12,28,41
0045,d:\赛题六公开数据集\赛题六公开数据集\200_train_cases\0045\0045-Altium Designer.png,d:\赛题六公开数据集\赛题六公开数据集\200_train_cases\0045\0045-Altium Designer_target_named.json,outputs\annotation_preview\200_train_cases\0045_annotated.png,46,121,165
0046,d:\赛题六公开数据集\赛题六公开数据集\200_train_cases\0046\0046-Datasheet.png,d:\赛题六公开数据集\赛题六公开数据集\200_train_cases\0046\0046-Datasheet_target_named.json,outputs\annotation_preview\200_train_cases\0046_annotated.png,111,185,289
0047,d:\赛题六公开数据集\赛题六公开数据集\200_train_cases\0047\0047-Datasheet.png,d:\赛题六公开数据集\赛题六公开数据集\200_train_cases\0047\0047-Datasheet_target_named.json,outputs\annotation_preview\200_train_cases\0047_annotated.png,31,71,92
0048,d:\赛题六公开数据集\赛题六公开数据集\200_train_cases\0048\0048-Datasheet.png,d:\赛题六公开数据集\赛题六公开数据集\200_train_cases\0048\0048-Datasheet_target_named.json,outputs\annotation_preview\200_train_cases\0048_annotated.png,38,78,128
0049,d:\赛题六公开数据集\赛题六公开数据集\200_train_cases\0049\0049-Datasheet.png,d:\赛题六公开数据集\赛题六公开数据集\200_train_cases\0049\0049-Datasheet_target_named.json,outputs\annotation_preview\200_train_cases\0049_annotated.png,37,76,91
0050,d:\赛题六公开数据集\赛题六公开数据集\200_train_cases\0050\0050-Altium Designer.png,d:\赛题六公开数据集\赛题六公开数据集\200_train_cases\0050\0050-Altium Designer_target_named.json,outputs\annotation_preview\200_train_cases\0050_annotated.png,102,228,420
0051,d:\赛题六公开数据集\赛题六公开数据集\200_train_cases\0051\0051-Datasheet.png,d:\赛题六公开数据集\赛题六公开数据集\200_train_cases\0051\0051-Datasheet_target_named.json,outputs\annotation_preview\200_train_cases\0051_annotated.png,13,24,31
0052,d:\赛题六公开数据集\赛题六公开数据集\200_train_cases\0052\0052-Datasheet.png,d:\赛题六公开数据集\赛题六公开数据集\200_train_cases\0052\0052-Datasheet_target_named.json,outputs\annotation_preview\200_train_cases\0052_annotated.png,16,32,58
0053,d:\赛题六公开数据集\赛题六公开数据集\200_train_cases\0053\0053-Datasheet.png,d:\赛题六公开数据集\赛题六公开数据集\200_train_cases\0053\0053-Datasheet_target_named.json,outputs\annotation_preview\200_train_cases\0053_annotated.png,19,38,70
0054,d:\赛题六公开数据集\赛题六公开数据集\200_train_cases\0054\0054-Datasheet.png,d:\赛题六公开数据集\赛题六公开数据集\200_train_cases\0054\0054-Datasheet_target_named.json,outputs\annotation_preview\200_train_cases\0054_annotated.png,10,19,48
0055,d:\赛题六公开数据集\赛题六公开数据集\200_train_cases\0055\0055-Datasheet.png,d:\赛题六公开数据集\赛题六公开数据集\200_train_cases\0055\0055-Datasheet_target_named.json,outputs\annotation_preview\200_train_cases\0055_annotated.png,10,18,21
0056,d:\赛题六公开数据集\赛题六公开数据集\200_train_cases\0056\0056-Altium Designer.png,d:\赛题六公开数据集\赛题六公开数据集\200_train_cases\0056\0056-Altium Designer_target_named.json,outputs\annotation_preview\200_train_cases\0056_annotated.png,47,103,181
0057,d:\赛题六公开数据集\赛题六公开数据集\200_train_cases\0057\0057-Datasheet.png,d:\赛题六公开数据集\赛题六公开数据集\200_train_cases\0057\0057-Datasheet_target_named.json,outputs\annotation_preview\200_train_cases\0057_annotated.png,32,93,98
0058,d:\赛题六公开数据集\赛题六公开数据集\200_train_cases\0058\0058-Datasheet.png,d:\赛题六公开数据集\赛题六公开数据集\200_train_cases\0058\0058-Datasheet_target_named.json,outputs\annotation_preview\200_train_cases\0058_annotated.png,35,70,124
0059,d:\赛题六公开数据集\赛题六公开数据集\200_train_cases\0059\0059-Datasheet.png,d:\赛题六公开数据集\赛题六公开数据集\200_train_cases\0059\0059-Datasheet_target_named.json,outputs\annotation_preview\200_train_cases\0059_annotated.png,13,26,35
0060,d:\赛题六公开数据集\赛题六公开数据集\200_train_cases\0060\0060-jlc.png,d:\赛题六公开数据集\赛题六公开数据集\200_train_cases\0060\0060-jlc_target_named.json,outputs\annotation_preview\200_train_cases\0060_annotated.png,42,122,185
0061,d:\赛题六公开数据集\赛题六公开数据集\200_train_cases\0061\0061-Datasheet.png,d:\赛题六公开数据集\赛题六公开数据集\200_train_cases\0061\0061-Datasheet_target_named.json,outputs\annotation_preview\200_train_cases\0061_annotated.png,26,70,99
0062,d:\赛题六公开数据集\赛题六公开数据集\200_train_cases\0062\0062-Datasheet.png,d:\赛题六公开数据集\赛题六公开数据集\200_train_cases\0062\0062-Datasheet_target_named.json,outputs\annotation_preview\200_train_cases\0062_annotated.png,14,25,28
0063,d:\赛题六公开数据集\赛题六公开数据集\200_train_cases\0063\0063-other.png,d:\赛题六公开数据集\赛题六公开数据集\200_train_cases\0063\0063-other_target_named.json,outputs\annotation_preview\200_train_cases\0063_annotated.png,15,29,50
0064,d:\赛题六公开数据集\赛题六公开数据集\200_train_cases\0064\0064-other.png,d:\赛题六公开数据集\赛题六公开数据集\200_train_cases\0064\0064-other_target_named.json,outputs\annotation_preview\200_train_cases\0064_annotated.png,16,40,76
0065,d:\赛题六公开数据集\赛题六公开数据集\200_train_cases\0065\0065-Datasheet.png,d:\赛题六公开数据集\赛题六公开数据集\200_train_cases\0065\0065-Datasheet_target_named.json,outputs\annotation_preview\200_train_cases\0065_annotated.png,17,36,44
0066,d:\赛题六公开数据集\赛题六公开数据集\200_train_cases\0066\0066-Datasheet.png,d:\赛题六公开数据集\赛题六公开数据集\200_train_cases\0066\0066-Datasheet_target_named.json,outputs\annotation_preview\200_train_cases\0066_annotated.png,11,22,77
0067,d:\赛题六公开数据集\赛题六公开数据集\200_train_cases\0067\0067-Datasheet.png,d:\赛题六公开数据集\赛题六公开数据集\200_train_cases\0067\0067-Datasheet_target_named.json,outputs\annotation_preview\200_train_cases\0067_annotated.png,15,25,41
0068,d:\赛题六公开数据集\赛题六公开数据集\200_train_cases\0068\0068-Datasheet.png,d:\赛题六公开数据集\赛题六公开数据集\200_train_cases\0068\0068-Datasheet_target_named.json,outputs\annotation_preview\200_train_cases\0068_annotated.png,12,28,77
0069,d:\赛题六公开数据集\赛题六公开数据集\200_train_cases\0069\0069-Datasheet.png,d:\赛题六公开数据集\赛题六公开数据集\200_train_cases\0069\0069-Datasheet_target_named.json,outputs\annotation_preview\200_train_cases\0069_annotated.png,15,25,26
0070,d:\赛题六公开数据集\赛题六公开数据集\200_train_cases\0070\0070-Datasheet.png,d:\赛题六公开数据集\赛题六公开数据集\200_train_cases\0070\0070-Datasheet_target_named.json,outputs\annotation_preview\200_train_cases\0070_annotated.png,14,27,35
0071,d:\赛题六公开数据集\赛题六公开数据集\200_train_cases\0071\0071-Altium Designer.png,d:\赛题六公开数据集\赛题六公开数据集\200_train_cases\0071\0071-Altium Designer_target_named.json,outputs\annotation_preview\200_train_cases\0071_annotated.png,12,37,68
0072,d:\赛题六公开数据集\赛题六公开数据集\200_train_cases\0072\0072-Datasheet.png,d:\赛题六公开数据集\赛题六公开数据集\200_train_cases\0072\0072-Datasheet_target_named.json,outputs\annotation_preview\200_train_cases\0072_annotated.png,19,38,36
0073,d:\赛题六公开数据集\赛题六公开数据集\200_train_cases\0073\0073-Datasheet.png,d:\赛题六公开数据集\赛题六公开数据集\200_train_cases\0073\0073-Datasheet_target_named.json,outputs\annotation_preview\200_train_cases\0073_annotated.png,12,30,21
0074,d:\赛题六公开数据集\赛题六公开数据集\200_train_cases\0074\0074-Altium Designer.png,d:\赛题六公开数据集\赛题六公开数据集\200_train_cases\0074\0074-Altium Designer_target_named.json,outputs\annotation_preview\200_train_cases\0074_annotated.png,34,94,189
0075,d:\赛题六公开数据集\赛题六公开数据集\200_train_cases\0075\0075-Datasheet.png,d:\赛题六公开数据集\赛题六公开数据集\200_train_cases\0075\0075-Datasheet_target_named.json,outputs\annotation_preview\200_train_cases\0075_annotated.png,71,152,191
0076,d:\赛题六公开数据集\赛题六公开数据集\200_train_cases\0076\0076-Datasheet.png,d:\赛题六公开数据集\赛题六公开数据集\200_train_cases\0076\0076-Datasheet_target_named.json,outputs\annotation_preview\200_train_cases\0076_annotated.png,116,197,273
0077,d:\赛题六公开数据集\赛题六公开数据集\200_train_cases\0077\0077-Datasheet.png,d:\赛题六公开数据集\赛题六公开数据集\200_train_cases\0077\0077-Datasheet_target_named.json,outputs\annotation_preview\200_train_cases\0077_annotated.png,57,103,171
0078,d:\赛题六公开数据集\赛题六公开数据集\200_train_cases\0078\0078-Datasheet.png,d:\赛题六公开数据集\赛题六公开数据集\200_train_cases\0078\0078-Datasheet_target_named.json,outputs\annotation_preview\200_train_cases\0078_annotated.png,21,48,59
0079,d:\赛题六公开数据集\赛题六公开数据集\200_train_cases\0079\0079-Datasheet.png,d:\赛题六公开数据集\赛题六公开数据集\200_train_cases\0079\0079-Datasheet_target_named.json,outputs\annotation_preview\200_train_cases\0079_annotated.png,22,43,48
0080,d:\赛题六公开数据集\赛题六公开数据集\200_train_cases\0080\0080-Datasheet.png,d:\赛题六公开数据集\赛题六公开数据集\200_train_cases\0080\0080-Datasheet_target_named.json,outputs\annotation_preview\200_train_cases\0080_annotated.png,128,263,383
0081,d:\赛题六公开数据集\赛题六公开数据集\200_train_cases\0081\0081-Datasheet.png,d:\赛题六公开数据集\赛题六公开数据集\200_train_cases\0081\0081-Datasheet_target_named.json,outputs\annotation_preview\200_train_cases\0081_annotated.png,14,31,46
0082,d:\赛题六公开数据集\赛题六公开数据集\200_train_cases\0082\0082-jlc.png,d:\赛题六公开数据集\赛题六公开数据集\200_train_cases\0082\0082-jlc_target_named.json,outputs\annotation_preview\200_train_cases\0082_annotated.png,46,181,238
0083,d:\赛题六公开数据集\赛题六公开数据集\200_train_cases\0083\0083-Datasheet.png,d:\赛题六公开数据集\赛题六公开数据集\200_train_cases\0083\0083-Datasheet_target_named.json,outputs\annotation_preview\200_train_cases\0083_annotated.png,14,37,69
0084,d:\赛题六公开数据集\赛题六公开数据集\200_train_cases\0084\0084-Datasheet.png,d:\赛题六公开数据集\赛题六公开数据集\200_train_cases\0084\0084-Datasheet_target_named.json,outputs\annotation_preview\200_train_cases\0084_annotated.png,15,40,42
0085,d:\赛题六公开数据集\赛题六公开数据集\200_train_cases\0085\0085-Datasheet.png,d:\赛题六公开数据集\赛题六公开数据集\200_train_cases\0085\0085-Datasheet_target_named.json,outputs\annotation_preview\200_train_cases\0085_annotated.png,31,87,68
0086,d:\赛题六公开数据集\赛题六公开数据集\200_train_cases\0086\0086-Datasheet.png,d:\赛题六公开数据集\赛题六公开数据集\200_train_cases\0086\0086-Datasheet_target_named.json,outputs\annotation_preview\200_train_cases\0086_annotated.png,66,153,223
0087,d:\赛题六公开数据集\赛题六公开数据集\200_train_cases\0087\0087-KiCad.png,d:\赛题六公开数据集\赛题六公开数据集\200_train_cases\0087\0087-KiCad_target_named.json,outputs\annotation_preview\200_train_cases\0087_annotated.png,112,377,662
0088,d:\赛题六公开数据集\赛题六公开数据集\200_train_cases\0088\0088-Datasheet.png,d:\赛题六公开数据集\赛题六公开数据集\200_train_cases\0088\0088-Datasheet_target_named.json,outputs\annotation_preview\200_train_cases\0088_annotated.png,18,30,42
0089,d:\赛题六公开数据集\赛题六公开数据集\200_train_cases\0089\0089-Datasheet.png,d:\赛题六公开数据集\赛题六公开数据集\200_train_cases\0089\0089-Datasheet_target_named.json,outputs\annotation_preview\200_train_cases\0089_annotated.png,26,57,52
0090,d:\赛题六公开数据集\赛题六公开数据集\200_train_cases\0090\0090-Datasheet.png,d:\赛题六公开数据集\赛题六公开数据集\200_train_cases\0090\0090-Datasheet_target_named.json,outputs\annotation_preview\200_train_cases\0090_annotated.png,19,36,57
0091,d:\赛题六公开数据集\赛题六公开数据集\200_train_cases\0091\0091-KiCad.png,d:\赛题六公开数据集\赛题六公开数据集\200_train_cases\0091\0091-KiCad_target_named.json,outputs\annotation_preview\200_train_cases\0091_annotated.png,32,105,244
0092,d:\赛题六公开数据集\赛题六公开数据集\200_train_cases\0092\0092-Datasheet.png,d:\赛题六公开数据集\赛题六公开数据集\200_train_cases\0092\0092-Datasheet_target_named.json,outputs\annotation_preview\200_train_cases\0092_annotated.png,50,143,156
0093,d:\赛题六公开数据集\赛题六公开数据集\200_train_cases\0093\0093-kicad.png,d:\赛题六公开数据集\赛题六公开数据集\200_train_cases\0093\0093-kicad_target_named.json,outputs\annotation_preview\200_train_cases\0093_annotated.png,12,82,213
0094,d:\赛题六公开数据集\赛题六公开数据集\200_train_cases\0094\0094-Altium Designer.png,d:\赛题六公开数据集\赛题六公开数据集\200_train_cases\0094\0094-Altium Designer_target_named.json,outputs\annotation_preview\200_train_cases\0094_annotated.png,16,45,63
0095,d:\赛题六公开数据集\赛题六公开数据集\200_train_cases\0095\0095-Altium Designer.png,d:\赛题六公开数据集\赛题六公开数据集\200_train_cases\0095\0095-Altium Designer_target_named.json,outputs\annotation_preview\200_train_cases\0095_annotated.png,38,167,340
0096,d:\赛题六公开数据集\赛题六公开数据集\200_train_cases\0096\0096-Datasheet.png,d:\赛题六公开数据集\赛题六公开数据集\200_train_cases\0096\0096-Datasheet_target_named.json,outputs\annotation_preview\200_train_cases\0096_annotated.png,28,58,51
0097,d:\赛题六公开数据集\赛题六公开数据集\200_train_cases\0097\0097-other.png,d:\赛题六公开数据集\赛题六公开数据集\200_train_cases\0097\0097-other_target_named.json,outputs\annotation_preview\200_train_cases\0097_annotated.png,38,72,124
0098,d:\赛题六公开数据集\赛题六公开数据集\200_train_cases\0098\0098-Datasheet.png,d:\赛题六公开数据集\赛题六公开数据集\200_train_cases\0098\0098-Datasheet_target_named.json,outputs\annotation_preview\200_train_cases\0098_annotated.png,9,44,52
0099,d:\赛题六公开数据集\赛题六公开数据集\200_train_cases\0099\0099-other.png,d:\赛题六公开数据集\赛题六公开数据集\200_train_cases\0099\0099-other_target_named.json,outputs\annotation_preview\200_train_cases\0099_annotated.png,28,56,88
0100,d:\赛题六公开数据集\赛题六公开数据集\200_train_cases\0100\0100-Datasheet.png,d:\赛题六公开数据集\赛题六公开数据集\200_train_cases\0100\0100-Datasheet_target_named.json,outputs\annotation_preview\200_train_cases\0100_annotated.png,39,79,87
0101,d:\赛题六公开数据集\赛题六公开数据集\200_train_cases\0101\0101-jlc.png,d:\赛题六公开数据集\赛题六公开数据集\200_train_cases\0101\0101-jlc_target_named.json,outputs\annotation_preview\200_train_cases\0101_annotated.png,67,173,253
0102,d:\赛题六公开数据集\赛题六公开数据集\200_train_cases\0102\0102-jlc.png,d:\赛题六公开数据集\赛题六公开数据集\200_train_cases\0102\0102-jlc_target_named.json,outputs\annotation_preview\200_train_cases\0102_annotated.png,54,138,225
0103,d:\赛题六公开数据集\赛题六公开数据集\200_train_cases\0103\0103-jlc.png,d:\赛题六公开数据集\赛题六公开数据集\200_train_cases\0103\0103-jlc_target_named.json,outputs\annotation_preview\200_train_cases\0103_annotated.png,54,99,110
0104,d:\赛题六公开数据集\赛题六公开数据集\200_train_cases\0104\0104-jlc.png,d:\赛题六公开数据集\赛题六公开数据集\200_train_cases\0104\0104-jlc_target_named.json,outputs\annotation_preview\200_train_cases\0104_annotated.png,66,157,173
0105,d:\赛题六公开数据集\赛题六公开数据集\200_train_cases\0105\0105-jlc.png,d:\赛题六公开数据集\赛题六公开数据集\200_train_cases\0105\0105-jlc_target_named.json,outputs\annotation_preview\200_train_cases\0105_annotated.png,57,99,109
0106,d:\赛题六公开数据集\赛题六公开数据集\200_train_cases\0106\0106-jlc.png,d:\赛题六公开数据集\赛题六公开数据集\200_train_cases\0106\0106-jlc_target_named.json,outputs\annotation_preview\200_train_cases\0106_annotated.png,101,255,323
0107,d:\赛题六公开数据集\赛题六公开数据集\200_train_cases\0107\0107-jlc.png,d:\赛题六公开数据集\赛题六公开数据集\200_train_cases\0107\0107-jlc_target_named.json,outputs\annotation_preview\200_train_cases\0107_annotated.png,120,328,520
0108,d:\赛题六公开数据集\赛题六公开数据集\200_train_cases\0108\0108-jlc.png,d:\赛题六公开数据集\赛题六公开数据集\200_train_cases\0108\0108-jlc_target_named.json,outputs\annotation_preview\200_train_cases\0108_annotated.png,53,129,184
0109,d:\赛题六公开数据集\赛题六公开数据集\200_train_cases\0109\0109-jlc.png,d:\赛题六公开数据集\赛题六公开数据集\200_train_cases\0109\0109-jlc_target_named.json,outputs\annotation_preview\200_train_cases\0109_annotated.png,37,156,256
0110,d:\赛题六公开数据集\赛题六公开数据集\200_train_cases\0110\0110-jlc.png,d:\赛题六公开数据集\赛题六公开数据集\200_train_cases\0110\0110-jlc_target_named.json,outputs\annotation_preview\200_train_cases\0110_annotated.png,49,96,113
0111,d:\赛题六公开数据集\赛题六公开数据集\200_train_cases\0111\0111-jlc.png,d:\赛题六公开数据集\赛题六公开数据集\200_train_cases\0111\0111-jlc_target_named.json,outputs\annotation_preview\200_train_cases\0111_annotated.png,162,338,469
0112,d:\赛题六公开数据集\赛题六公开数据集\200_train_cases\0112\0112-jlc.png,d:\赛题六公开数据集\赛题六公开数据集\200_train_cases\0112\0112-jlc_target_named.json,outputs\annotation_preview\200_train_cases\0112_annotated.png,91,196,278
0113,d:\赛题六公开数据集\赛题六公开数据集\200_train_cases\0113\0113-jlc.png,d:\赛题六公开数据集\赛题六公开数据集\200_train_cases\0113\0113-jlc_target_named.json,outputs\annotation_preview\200_train_cases\0113_annotated.png,32,192,350
0114,d:\赛题六公开数据集\赛题六公开数据集\200_train_cases\0114\0114-jlc.png,d:\赛题六公开数据集\赛题六公开数据集\200_train_cases\0114\0114-jlc_target_named.json,outputs\annotation_preview\200_train_cases\0114_annotated.png,109,236,267
0115,d:\赛题六公开数据集\赛题六公开数据集\200_train_cases\0115\0115-jlc.png,d:\赛题六公开数据集\赛题六公开数据集\200_train_cases\0115\0115-jlc_target_named.json,outputs\annotation_preview\200_train_cases\0115_annotated.png,34,63,70
0116,d:\赛题六公开数据集\赛题六公开数据集\200_train_cases\0116\0116-jlc.png,d:\赛题六公开数据集\赛题六公开数据集\200_train_cases\0116\0116-jlc_target_named.json,outputs\annotation_preview\200_train_cases\0116_annotated.png,119,285,361
0117,d:\赛题六公开数据集\赛题六公开数据集\200_train_cases\0117\0117-jlc.png,d:\赛题六公开数据集\赛题六公开数据集\200_train_cases\0117\0117-jlc_target_named.json,outputs\annotation_preview\200_train_cases\0117_annotated.png,89,199,215
0118,d:\赛题六公开数据集\赛题六公开数据集\200_train_cases\0118\0118-jlc.png,d:\赛题六公开数据集\赛题六公开数据集\200_train_cases\0118\0118-jlc_target_named.json,outputs\annotation_preview\200_train_cases\0118_annotated.png,41,121,156
0119,d:\赛题六公开数据集\赛题六公开数据集\200_train_cases\0119\0119-Datasheet.png,d:\赛题六公开数据集\赛题六公开数据集\200_train_cases\0119\0119-Datasheet_target_named.json,outputs\annotation_preview\200_train_cases\0119_annotated.png,5,18,31
0120,d:\赛题六公开数据集\赛题六公开数据集\200_train_cases\0120\0120-jlc.png,d:\赛题六公开数据集\赛题六公开数据集\200_train_cases\0120\0120-jlc_target_named.json,outputs\annotation_preview\200_train_cases\0120_annotated.png,30,54,72
0121,d:\赛题六公开数据集\赛题六公开数据集\200_train_cases\0121\0121-jlc.png,d:\赛题六公开数据集\赛题六公开数据集\200_train_cases\0121\0121-jlc_target_named.json,outputs\annotation_preview\200_train_cases\0121_annotated.png,45,95,96
0122,d:\赛题六公开数据集\赛题六公开数据集\200_train_cases\0122\0122-jlc.png,d:\赛题六公开数据集\赛题六公开数据集\200_train_cases\0122\0122-jlc_target_named.json,outputs\annotation_preview\200_train_cases\0122_annotated.png,34,70,88
0123,d:\赛题六公开数据集\赛题六公开数据集\200_train_cases\0123\0123-other.png,d:\赛题六公开数据集\赛题六公开数据集\200_train_cases\0123\0123-other_target_named.json,outputs\annotation_preview\200_train_cases\0123_annotated.png,39,117,143
0124,d:\赛题六公开数据集\赛题六公开数据集\200_train_cases\0124\0124-jlc.png,d:\赛题六公开数据集\赛题六公开数据集\200_train_cases\0124\0124-jlc_target_named.json,outputs\annotation_preview\200_train_cases\0124_annotated.png,61,157,185
0125,d:\赛题六公开数据集\赛题六公开数据集\200_train_cases\0125\0125-jlc.png,d:\赛题六公开数据集\赛题六公开数据集\200_train_cases\0125\0125-jlc_target_named.json,outputs\annotation_preview\200_train_cases\0125_annotated.png,22,49,63
0126,d:\赛题六公开数据集\赛题六公开数据集\200_train_cases\0126\0126-jlc.png,d:\赛题六公开数据集\赛题六公开数据集\200_train_cases\0126\0126-jlc_target_named.json,outputs\annotation_preview\200_train_cases\0126_annotated.png,42,87,88
0127,d:\赛题六公开数据集\赛题六公开数据集\200_train_cases\0127\0127-jlc.png,d:\赛题六公开数据集\赛题六公开数据集\200_train_cases\0127\0127-jlc_target_named.json,outputs\annotation_preview\200_train_cases\0127_annotated.png,38,104,144
0128,d:\赛题六公开数据集\赛题六公开数据集\200_train_cases\0128\0128-jlc.png,d:\赛题六公开数据集\赛题六公开数据集\200_train_cases\0128\0128-jlc_target_named.json,outputs\annotation_preview\200_train_cases\0128_annotated.png,26,59,94
0129,d:\赛题六公开数据集\赛题六公开数据集\200_train_cases\0129\0129-jlc.png,d:\赛题六公开数据集\赛题六公开数据集\200_train_cases\0129\0129-jlc_target_named.json,outputs\annotation_preview\200_train_cases\0129_annotated.png,17,32,67
0130,d:\赛题六公开数据集\赛题六公开数据集\200_train_cases\0130\0130-jlc.png,d:\赛题六公开数据集\赛题六公开数据集\200_train_cases\0130\0130-jlc_target_named.json,outputs\annotation_preview\200_train_cases\0130_annotated.png,56,207,337
0131,d:\赛题六公开数据集\赛题六公开数据集\200_train_cases\0131\0131-jlc.png,d:\赛题六公开数据集\赛题六公开数据集\200_train_cases\0131\0131-jlc_target_named.json,outputs\annotation_preview\200_train_cases\0131_annotated.png,17,31,39
0132,d:\赛题六公开数据集\赛题六公开数据集\200_train_cases\0132\0132-jlc.png,d:\赛题六公开数据集\赛题六公开数据集\200_train_cases\0132\0132-jlc_target_named.json,outputs\annotation_preview\200_train_cases\0132_annotated.png,31,57,104
0133,d:\赛题六公开数据集\赛题六公开数据集\200_train_cases\0133\0133-jlc.png,d:\赛题六公开数据集\赛题六公开数据集\200_train_cases\0133\0133-jlc_target_named.json,outputs\annotation_preview\200_train_cases\0133_annotated.png,34,67,81
0134,d:\赛题六公开数据集\赛题六公开数据集\200_train_cases\0134\0134-jlc.png,d:\赛题六公开数据集\赛题六公开数据集\200_train_cases\0134\0134-jlc_target_named.json,outputs\annotation_preview\200_train_cases\0134_annotated.png,53,114,153
0135,d:\赛题六公开数据集\赛题六公开数据集\200_train_cases\0135\0135-jlc.png,d:\赛题六公开数据集\赛题六公开数据集\200_train_cases\0135\0135-jlc_target_named.json,outputs\annotation_preview\200_train_cases\0135_annotated.png,43,67,55
0136,d:\赛题六公开数据集\赛题六公开数据集\200_train_cases\0136\0136-jlc.png,d:\赛题六公开数据集\赛题六公开数据集\200_train_cases\0136\0136-jlc_target_named.json,outputs\annotation_preview\200_train_cases\0136_annotated.png,43,97,149
0137,d:\赛题六公开数据集\赛题六公开数据集\200_train_cases\0137\0137-jlc.png,d:\赛题六公开数据集\赛题六公开数据集\200_train_cases\0137\0137-jlc_target_named.json,outputs\annotation_preview\200_train_cases\0137_annotated.png,12,31,61
0138,d:\赛题六公开数据集\赛题六公开数据集\200_train_cases\0138\0138-jlc.png,d:\赛题六公开数据集\赛题六公开数据集\200_train_cases\0138\0138-jlc_target_named.json,outputs\annotation_preview\200_train_cases\0138_annotated.png,109,232,392
0139,d:\赛题六公开数据集\赛题六公开数据集\200_train_cases\0139\0139-jlc.png,d:\赛题六公开数据集\赛题六公开数据集\200_train_cases\0139\0139-jlc_target_named.json,outputs\annotation_preview\200_train_cases\0139_annotated.png,39,146,176
0140,d:\赛题六公开数据集\赛题六公开数据集\200_train_cases\0140\0140-jlc.png,d:\赛题六公开数据集\赛题六公开数据集\200_train_cases\0140\0140-jlc_target_named.json,outputs\annotation_preview\200_train_cases\0140_annotated.png,74,152,187
0141,d:\赛题六公开数据集\赛题六公开数据集\200_train_cases\0141\0141-jlc.png,d:\赛题六公开数据集\赛题六公开数据集\200_train_cases\0141\0141-jlc_target_named.json,outputs\annotation_preview\200_train_cases\0141_annotated.png,113,224,231
0142,d:\赛题六公开数据集\赛题六公开数据集\200_train_cases\0142\0142-jlc.png,d:\赛题六公开数据集\赛题六公开数据集\200_train_cases\0142\0142-jlc_target_named.json,outputs\annotation_preview\200_train_cases\0142_annotated.png,41,121,156
0143,d:\赛题六公开数据集\赛题六公开数据集\200_train_cases\0143\0143-jlc.png,d:\赛题六公开数据集\赛题六公开数据集\200_train_cases\0143\0143-jlc_target_named.json,outputs\annotation_preview\200_train_cases\0143_annotated.png,24,115,146
0144,d:\赛题六公开数据集\赛题六公开数据集\200_train_cases\0144\0144-jlc.png,d:\赛题六公开数据集\赛题六公开数据集\200_train_cases\0144\0144-jlc_target_named.json,outputs\annotation_preview\200_train_cases\0144_annotated.png,36,89,130
0145,d:\赛题六公开数据集\赛题六公开数据集\200_train_cases\0145\0145-jlc.png,d:\赛题六公开数据集\赛题六公开数据集\200_train_cases\0145\0145-jlc_target_named.json,outputs\annotation_preview\200_train_cases\0145_annotated.png,37,104,149
0146,d:\赛题六公开数据集\赛题六公开数据集\200_train_cases\0146\0146-jlc.png,d:\赛题六公开数据集\赛题六公开数据集\200_train_cases\0146\0146-jlc_target_named.json,outputs\annotation_preview\200_train_cases\0146_annotated.png,24,48,84
0147,d:\赛题六公开数据集\赛题六公开数据集\200_train_cases\0147\0147-jlc.png,d:\赛题六公开数据集\赛题六公开数据集\200_train_cases\0147\0147-jlc_target_named.json,outputs\annotation_preview\200_train_cases\0147_annotated.png,60,111,193
0148,d:\赛题六公开数据集\赛题六公开数据集\200_train_cases\0148\0148-jlc.png,d:\赛题六公开数据集\赛题六公开数据集\200_train_cases\0148\0148-jlc_target_named.json,outputs\annotation_preview\200_train_cases\0148_annotated.png,46,101,157
0149,d:\赛题六公开数据集\赛题六公开数据集\200_train_cases\0149\0149-jlc.png,d:\赛题六公开数据集\赛题六公开数据集\200_train_cases\0149\0149-jlc_target_named.json,outputs\annotation_preview\200_train_cases\0149_annotated.png,15,29,48
0150,d:\赛题六公开数据集\赛题六公开数据集\200_train_cases\0150\0150-jlc.png,d:\赛题六公开数据集\赛题六公开数据集\200_train_cases\0150\0150-jlc_target_named.json,outputs\annotation_preview\200_train_cases\0150_annotated.png,114,230,295
0151,d:\赛题六公开数据集\赛题六公开数据集\200_train_cases\0151\0151-jlc.png,d:\赛题六公开数据集\赛题六公开数据集\200_train_cases\0151\0151-jlc_target_named.json,outputs\annotation_preview\200_train_cases\0151_annotated.png,66,140,194
0152,d:\赛题六公开数据集\赛题六公开数据集\200_train_cases\0152\0152-jlc.png,d:\赛题六公开数据集\赛题六公开数据集\200_train_cases\0152\0152-jlc_target_named.json,outputs\annotation_preview\200_train_cases\0152_annotated.png,49,81,113
0153,d:\赛题六公开数据集\赛题六公开数据集\200_train_cases\0153\0153-jlc.png,d:\赛题六公开数据集\赛题六公开数据集\200_train_cases\0153\0153-jlc_target_named.json,outputs\annotation_preview\200_train_cases\0153_annotated.png,42,100,115
0154,d:\赛题六公开数据集\赛题六公开数据集\200_train_cases\0154\0154-jlc.png,d:\赛题六公开数据集\赛题六公开数据集\200_train_cases\0154\0154-jlc_target_named.json,outputs\annotation_preview\200_train_cases\0154_annotated.png,15,29,38
0155,d:\赛题六公开数据集\赛题六公开数据集\200_train_cases\0155\0155-jlc.png,d:\赛题六公开数据集\赛题六公开数据集\200_train_cases\0155\0155-jlc_target_named.json,outputs\annotation_preview\200_train_cases\0155_annotated.png,20,42,60
0156,d:\赛题六公开数据集\赛题六公开数据集\200_train_cases\0156\0156-jlc.png,d:\赛题六公开数据集\赛题六公开数据集\200_train_cases\0156\0156-jlc_target_named.json,outputs\annotation_preview\200_train_cases\0156_annotated.png,18,39,71
0157,d:\赛题六公开数据集\赛题六公开数据集\200_train_cases\0157\0157-jlc.png,d:\赛题六公开数据集\赛题六公开数据集\200_train_cases\0157\0157-jlc_target_named.json,outputs\annotation_preview\200_train_cases\0157_annotated.png,27,81,134
0158,d:\赛题六公开数据集\赛题六公开数据集\200_train_cases\0158\0158-jlc.png,d:\赛题六公开数据集\赛题六公开数据集\200_train_cases\0158\0158-jlc_target_named.json,outputs\annotation_preview\200_train_cases\0158_annotated.png,25,58,61
0159,d:\赛题六公开数据集\赛题六公开数据集\200_train_cases\0159\0159-jlc.png,d:\赛题六公开数据集\赛题六公开数据集\200_train_cases\0159\0159-jlc_target_named.json,outputs\annotation_preview\200_train_cases\0159_annotated.png,48,100,149
0160,d:\赛题六公开数据集\赛题六公开数据集\200_train_cases\0160\0160-jlc.png,d:\赛题六公开数据集\赛题六公开数据集\200_train_cases\0160\0160-jlc_target_named.json,outputs\annotation_preview\200_train_cases\0160_annotated.png,56,93,105
0161,d:\赛题六公开数据集\赛题六公开数据集\200_train_cases\0161\0161-jlc.png,d:\赛题六公开数据集\赛题六公开数据集\200_train_cases\0161\0161-jlc_target_named.json,outputs\annotation_preview\200_train_cases\0161_annotated.png,60,96,63
0162,d:\赛题六公开数据集\赛题六公开数据集\200_train_cases\0162\0162-jlc.png,d:\赛题六公开数据集\赛题六公开数据集\200_train_cases\0162\0162-jlc_target_named.json,outputs\annotation_preview\200_train_cases\0162_annotated.png,44,88,119
0163,d:\赛题六公开数据集\赛题六公开数据集\200_train_cases\0163\0163-jlc.png,d:\赛题六公开数据集\赛题六公开数据集\200_train_cases\0163\0163-jlc_target_named.json,outputs\annotation_preview\200_train_cases\0163_annotated.png,55,163,308
0164,d:\赛题六公开数据集\赛题六公开数据集\200_train_cases\0164\0164-Datasheet.png,d:\赛题六公开数据集\赛题六公开数据集\200_train_cases\0164\0164-Datasheet_target_named.json,outputs\annotation_preview\200_train_cases\0164_annotated.png,18,42,65
0165,d:\赛题六公开数据集\赛题六公开数据集\200_train_cases\0165\0165-jlc.png,d:\赛题六公开数据集\赛题六公开数据集\200_train_cases\0165\0165-jlc_target_named.json,outputs\annotation_preview\200_train_cases\0165_annotated.png,45,173,308
0166,d:\赛题六公开数据集\赛题六公开数据集\200_train_cases\0166\0166-jlc.png,d:\赛题六公开数据集\赛题六公开数据集\200_train_cases\0166\0166-jlc_target_named.json,outputs\annotation_preview\200_train_cases\0166_annotated.png,122,249,322
0167,d:\赛题六公开数据集\赛题六公开数据集\200_train_cases\0167\0167-jlc.png,d:\赛题六公开数据集\赛题六公开数据集\200_train_cases\0167\0167-jlc_target_named.json,outputs\annotation_preview\200_train_cases\0167_annotated.png,13,26,56
0168,d:\赛题六公开数据集\赛题六公开数据集\200_train_cases\0168\0168-jlc.png,d:\赛题六公开数据集\赛题六公开数据集\200_train_cases\0168\0168-jlc_target_named.json,outputs\annotation_preview\200_train_cases\0168_annotated.png,58,81,107
0169,d:\赛题六公开数据集\赛题六公开数据集\200_train_cases\0169\0169-jlc.png,d:\赛题六公开数据集\赛题六公开数据集\200_train_cases\0169\0169-jlc_target_named.json,outputs\annotation_preview\200_train_cases\0169_annotated.png,50,86,156
0170,d:\赛题六公开数据集\赛题六公开数据集\200_train_cases\0170\0170-jlc.png,d:\赛题六公开数据集\赛题六公开数据集\200_train_cases\0170\0170-jlc_target_named.json,outputs\annotation_preview\200_train_cases\0170_annotated.png,122,251,310
0171,d:\赛题六公开数据集\赛题六公开数据集\200_train_cases\0171\0171-jlc.png,d:\赛题六公开数据集\赛题六公开数据集\200_train_cases\0171\0171-jlc_target_named.json,outputs\annotation_preview\200_train_cases\0171_annotated.png,115,310,463
0172,d:\赛题六公开数据集\赛题六公开数据集\200_train_cases\0172\0172-jlc.png,d:\赛题六公开数据集\赛题六公开数据集\200_train_cases\0172\0172-jlc_target_named.json,outputs\annotation_preview\200_train_cases\0172_annotated.png,56,132,162
0173,d:\赛题六公开数据集\赛题六公开数据集\200_train_cases\0173\0173-jlc.png,d:\赛题六公开数据集\赛题六公开数据集\200_train_cases\0173\0173-jlc_target_named.json,outputs\annotation_preview\200_train_cases\0173_annotated.png,60,172,267
0174,d:\赛题六公开数据集\赛题六公开数据集\200_train_cases\0174\0174-jlc.png,d:\赛题六公开数据集\赛题六公开数据集\200_train_cases\0174\0174-jlc_target_named.json,outputs\annotation_preview\200_train_cases\0174_annotated.png,127,303,448
0175,d:\赛题六公开数据集\赛题六公开数据集\200_train_cases\0175\0175-jlc.png,d:\赛题六公开数据集\赛题六公开数据集\200_train_cases\0175\0175-jlc_target_named.json,outputs\annotation_preview\200_train_cases\0175_annotated.png,108,272,397
0176,d:\赛题六公开数据集\赛题六公开数据集\200_train_cases\0176\0176-jlc.png,d:\赛题六公开数据集\赛题六公开数据集\200_train_cases\0176\0176-jlc_target_named.json,outputs\annotation_preview\200_train_cases\0176_annotated.png,49,119,158
0177,d:\赛题六公开数据集\赛题六公开数据集\200_train_cases\0177\0177-jlc.png,d:\赛题六公开数据集\赛题六公开数据集\200_train_cases\0177\0177-jlc_target_named.json,outputs\annotation_preview\200_train_cases\0177_annotated.png,62,131,186
0178,d:\赛题六公开数据集\赛题六公开数据集\200_train_cases\0178\0178-jlc.png,d:\赛题六公开数据集\赛题六公开数据集\200_train_cases\0178\0178-jlc_target_named.json,outputs\annotation_preview\200_train_cases\0178_annotated.png,47,90,112
0179,d:\赛题六公开数据集\赛题六公开数据集\200_train_cases\0179\0179-jlc.png,d:\赛题六公开数据集\赛题六公开数据集\200_train_cases\0179\0179-jlc_target_named.json,outputs\annotation_preview\200_train_cases\0179_annotated.png,50,128,169
0180,d:\赛题六公开数据集\赛题六公开数据集\200_train_cases\0180\0180-jlc.png,d:\赛题六公开数据集\赛题六公开数据集\200_train_cases\0180\0180-jlc_target_named.json,outputs\annotation_preview\200_train_cases\0180_annotated.png,34,85,80
0181,d:\赛题六公开数据集\赛题六公开数据集\200_train_cases\0181\0181-jlc.png,d:\赛题六公开数据集\赛题六公开数据集\200_train_cases\0181\0181-jlc_target_named.json,outputs\annotation_preview\200_train_cases\0181_annotated.png,62,128,155
0182,d:\赛题六公开数据集\赛题六公开数据集\200_train_cases\0182\0182-jlc.png,d:\赛题六公开数据集\赛题六公开数据集\200_train_cases\0182\0182-jlc_target_named.json,outputs\annotation_preview\200_train_cases\0182_annotated.png,62,117,91
0183,d:\赛题六公开数据集\赛题六公开数据集\200_train_cases\0183\0183-jlc.png,d:\赛题六公开数据集\赛题六公开数据集\200_train_cases\0183\0183-jlc_target_named.json,outputs\annotation_preview\200_train_cases\0183_annotated.png,45,151,231
0184,d:\赛题六公开数据集\赛题六公开数据集\200_train_cases\0184\0184-other.png,d:\赛题六公开数据集\赛题六公开数据集\200_train_cases\0184\0184-other_target_named.json,outputs\annotation_preview\200_train_cases\0184_annotated.png,41,96,137
0185,d:\赛题六公开数据集\赛题六公开数据集\200_train_cases\0185\0185-jlc.png,d:\赛题六公开数据集\赛题六公开数据集\200_train_cases\0185\0185-jlc_target_named.json,outputs\annotation_preview\200_train_cases\0185_annotated.png,65,144,188
0186,d:\赛题六公开数据集\赛题六公开数据集\200_train_cases\0186\0186-jlc.png,d:\赛题六公开数据集\赛题六公开数据集\200_train_cases\0186\0186-jlc_target_named.json,outputs\annotation_preview\200_train_cases\0186_annotated.png,60,156,142
0187,d:\赛题六公开数据集\赛题六公开数据集\200_train_cases\0187\0187-jlc.png,d:\赛题六公开数据集\赛题六公开数据集\200_train_cases\0187\0187-jlc_target_named.json,outputs\annotation_preview\200_train_cases\0187_annotated.png,53,115,197
0188,d:\赛题六公开数据集\赛题六公开数据集\200_train_cases\0188\0188-jlc.png,d:\赛题六公开数据集\赛题六公开数据集\200_train_cases\0188\0188-jlc_target_named.json,outputs\annotation_preview\200_train_cases\0188_annotated.png,26,52,93
0189,d:\赛题六公开数据集\赛题六公开数据集\200_train_cases\0189\0189-jlc.png,d:\赛题六公开数据集\赛题六公开数据集\200_train_cases\0189\0189-jlc_target_named.json,outputs\annotation_preview\200_train_cases\0189_annotated.png,111,209,189
0190,d:\赛题六公开数据集\赛题六公开数据集\200_train_cases\0190\0190-jlc.png,d:\赛题六公开数据集\赛题六公开数据集\200_train_cases\0190\0190-jlc_target_named.json,outputs\annotation_preview\200_train_cases\0190_annotated.png,95,201,264
0191,d:\赛题六公开数据集\赛题六公开数据集\200_train_cases\0191\0191-jlc.png,d:\赛题六公开数据集\赛题六公开数据集\200_train_cases\0191\0191-jlc_target_named.json,outputs\annotation_preview\200_train_cases\0191_annotated.png,115,229,310
0192,d:\赛题六公开数据集\赛题六公开数据集\200_train_cases\0192\0192-jlc.png,d:\赛题六公开数据集\赛题六公开数据集\200_train_cases\0192\0192-jlc_target_named.json,outputs\annotation_preview\200_train_cases\0192_annotated.png,53,146,203
0193,d:\赛题六公开数据集\赛题六公开数据集\200_train_cases\0193\0193-jlc.png,d:\赛题六公开数据集\赛题六公开数据集\200_train_cases\0193\0193-jlc_target_named.json,outputs\annotation_preview\200_train_cases\0193_annotated.png,185,381,474
0194,d:\赛题六公开数据集\赛题六公开数据集\200_train_cases\0194\0194-jlc.png,d:\赛题六公开数据集\赛题六公开数据集\200_train_cases\0194\0194-jlc_target_named.json,outputs\annotation_preview\200_train_cases\0194_annotated.png,39,146,176
0195,d:\赛题六公开数据集\赛题六公开数据集\200_train_cases\0195\0195-jlc.png,d:\赛题六公开数据集\赛题六公开数据集\200_train_cases\0195\0195-jlc_target_named.json,outputs\annotation_preview\200_train_cases\0195_annotated.png,13,62,112
0196,d:\赛题六公开数据集\赛题六公开数据集\200_train_cases\0196\0196-jlc.png,d:\赛题六公开数据集\赛题六公开数据集\200_train_cases\0196\0196-jlc_target_named.json,outputs\annotation_preview\200_train_cases\0196_annotated.png,18,35,83
0197,d:\赛题六公开数据集\赛题六公开数据集\200_train_cases\0197\0197-jlc.png,d:\赛题六公开数据集\赛题六公开数据集\200_train_cases\0197\0197-jlc_target_named.json,outputs\annotation_preview\200_train_cases\0197_annotated.png,117,241,397
0198,d:\赛题六公开数据集\赛题六公开数据集\200_train_cases\0198\0198-jlc.png,d:\赛题六公开数据集\赛题六公开数据集\200_train_cases\0198\0198-jlc_target_named.json,outputs\annotation_preview\200_train_cases\0198_annotated.png,50,116,148
0199,d:\赛题六公开数据集\赛题六公开数据集\200_train_cases\0199\0199-jlc.png,d:\赛题六公开数据集\赛题六公开数据集\200_train_cases\0199\0199-jlc_target_named.json,outputs\annotation_preview\200_train_cases\0199_annotated.png,64,124,170
0200,d:\赛题六公开数据集\赛题六公开数据集\200_train_cases\0200\0200-jlc.png,d:\赛题六公开数据集\赛题六公开数据集\200_train_cases\0200\0200-jlc_target_named.json,outputs\annotation_preview\200_train_cases\0200_annotated.png,156,393,519
