epoch,time,train/box_loss,train/cls_loss,train/dfl_loss,metrics/precision(B),metrics/recall(B),metrics/mAP50(B),metrics/mAP75(B),metrics/mAP50-95(B),val/box_loss,val/cls_loss,val/dfl_loss,lr/pg0,lr/pg1,lr/pg2
1,8.56582,2.51369,5.36986,1.41661,0,0,0,0,0,1.99953,5.05389,1.18733,0.0019,0.0019,0.0019
2,14.0726,2.20603,4.88983,1.18824,0,0,0,0,0,1.82291,5.04207,1.09462,0.00388713,0.00388713,0.00388713
3,19.5336,2.2038,4.07285,1.08553,0.02222,0.02254,0.02427,0.02077,0.01821,2.10184,4.60283,1.12948,0.00586106,0.00586106,0.00586106
4,24.9133,2.18342,3.35584,1.11492,0.02206,0.02668,0.02859,0.01494,0.01688,2.1618,4.16827,1.15789,0.00782179,0.00782179,0.00782179
5,30.4597,2.15003,2.82173,1.10437,0.73666,0.02036,0.03322,0.01785,0.01988,2.34173,3.06715,1.2809,0.00976932,0.00976932,0.00976932
6,35.6875,2.23454,2.56815,1.11133,0.78283,0.02734,0.02916,0.02313,0.02034,2.34266,2.60615,1.18866,0.009835,0.009835,0.009835
7,40.7303,2.14471,2.52151,1.09025,0.75397,0.04051,0.03805,0.02151,0.02262,2.04541,2.33648,1.15186,0.009802,0.009802,0.009802
8,46.114,2.0743,2.30754,1.0736,0.44701,0.04847,0.03869,0.02087,0.0221,2.03526,2.56102,1.17886,0.009769,0.009769,0.009769
9,51.488,2.01992,2.24398,1.09224,0.526,0.0561,0.05243,0.02665,0.029,1.8138,2.31936,1.12511,0.009736,0.009736,0.009736
10,57.0373,1.92527,2.09528,1.04439,0.31731,0.05727,0.05154,0.02857,0.02864,1.74575,2.36998,1.10404,0.009703,0.009703,0.009703
11,62.7074,1.9079,2.03233,1.04475,0.27527,0.05993,0.05517,0.02698,0.02917,1.77202,2.41948,1.09326,0.00967,0.00967,0.00967
12,68.2956,1.80423,1.95368,1.03865,0.24962,0.06873,0.06375,0.02843,0.0328,1.75215,2.3056,1.08604,0.009637,0.009637,0.009637
13,73.8761,1.8032,1.84173,1.02147,0.29118,0.07252,0.06357,0.02691,0.03158,1.87715,2.01121,1.12152,0.009604,0.009604,0.009604
14,79.3172,1.78777,1.81848,1.0273,0.38606,0.07509,0.07922,0.03794,0.042,1.70584,1.71847,1.07018,0.009571,0.009571,0.009571
15,85.0433,1.84906,1.83119,1.02667,0.29624,0.06871,0.06834,0.0294,0.03556,1.70876,1.61851,1.05999,0.009538,0.009538,0.009538
16,90.7624,1.67518,1.70511,0.99269,0.47102,0.07605,0.07578,0.03788,0.04091,1.69646,1.58797,1.0798,0.009505,0.009505,0.009505
17,96.2211,1.73003,1.76372,1.01355,0.52441,0.0935,0.08934,0.03886,0.04648,1.61803,1.5428,1.04869,0.009472,0.009472,0.009472
18,101.6,1.71332,1.66365,0.99422,0.42604,0.09228,0.09284,0.03961,0.04819,1.63538,1.46255,1.054,0.009439,0.009439,0.009439
19,107.748,1.69661,1.61101,0.98445,0.49137,0.0896,0.10921,0.05743,0.05824,1.63195,1.44823,1.04483,0.009406,0.009406,0.009406
20,113.001,1.63564,1.62516,0.99202,0.49245,0.09513,0.09872,0.04708,0.05282,1.63987,1.45145,1.0326,0.009373,0.009373,0.009373
21,119.003,1.65705,1.55235,0.97822,0.44017,0.1089,0.10459,0.04888,0.05489,1.59035,1.38744,1.03386,0.00934,0.00934,0.00934
22,124.216,1.6406,1.5408,0.9736,0.54119,0.10853,0.10772,0.04921,0.05662,1.62343,1.37135,1.0456,0.009307,0.009307,0.009307
23,130.101,1.64006,1.50805,0.96474,0.59682,0.10543,0.10102,0.03726,0.04895,1.69406,1.42726,1.06769,0.009274,0.009274,0.009274
24,135.617,1.65116,1.55114,0.98568,0.66692,0.11325,0.10714,0.04687,0.05475,1.62883,1.35902,1.04368,0.009241,0.009241,0.009241
25,140.769,1.5666,1.43588,0.96623,0.73481,0.09408,0.09892,0.04672,0.05456,1.60321,1.3651,1.0495,0.009208,0.009208,0.009208
26,146.466,1.58431,1.4699,0.97448,0.61233,0.12199,0.12254,0.06182,0.06863,1.47956,1.27754,1.01716,0.009175,0.009175,0.009175
27,151.775,1.53551,1.39429,0.95809,0.56336,0.11294,0.13649,0.0613,0.07009,1.62577,1.31611,1.04465,0.009142,0.009142,0.009142
28,156.944,1.57018,1.43925,0.95967,0.56653,0.11441,0.13235,0.05872,0.06632,1.67154,1.34871,1.04575,0.009109,0.009109,0.009109
29,162.45,1.58869,1.42844,0.96364,0.60867,0.13145,0.1394,0.0714,0.07788,1.50408,1.20116,1.02919,0.009076,0.009076,0.009076
30,167.69,1.52955,1.34182,0.96238,0.59258,0.136,0.15748,0.08088,0.08948,1.53426,1.19496,1.03296,0.009043,0.009043,0.009043
31,172.771,1.50979,1.34204,0.95358,0.5758,0.11163,0.12324,0.05013,0.06328,1.59914,1.23361,1.04145,0.00901,0.00901,0.00901
32,178.298,1.51991,1.35112,0.95944,0.60415,0.12543,0.1438,0.07063,0.07842,1.51885,1.18158,1.02772,0.008977,0.008977,0.008977
33,183.739,1.50839,1.28016,0.9503,0.55151,0.11985,0.13842,0.06114,0.07365,1.56658,1.17441,1.0399,0.008944,0.008944,0.008944
34,189.196,1.47754,1.25473,0.94594,0.56213,0.10709,0.13761,0.06199,0.07445,1.59694,1.19847,1.04407,0.008911,0.008911,0.008911
35,194.255,1.52833,1.32482,0.95845,0.49085,0.13989,0.17257,0.07579,0.09491,1.4545,1.13788,1.00666,0.008878,0.008878,0.008878
36,199.57,1.47007,1.28247,0.95388,0.50504,0.13225,0.15921,0.07564,0.09039,1.4727,1.13852,1.01288,0.008845,0.008845,0.008845
37,204.87,1.47675,1.24458,0.93561,0.47173,0.13725,0.18277,0.0873,0.10579,1.57662,1.17148,1.03612,0.008812,0.008812,0.008812
38,210.194,1.4499,1.24568,0.94335,0.42209,0.16104,0.17693,0.08236,0.10128,1.68021,1.19907,1.05956,0.008779,0.008779,0.008779
39,215.355,1.46841,1.24884,0.9401,0.52308,0.18908,0.18348,0.10532,0.11521,1.50969,1.12929,1.0349,0.008746,0.008746,0.008746
40,220.297,1.50825,1.25994,0.95076,0.55894,0.18426,0.18986,0.11581,0.12094,1.45562,1.09354,1.01573,0.008713,0.008713,0.008713
41,225.384,1.48493,1.22887,0.93157,0.39916,0.19176,0.19144,0.10329,0.11313,1.5546,1.15166,1.02252,0.00868,0.00868,0.00868
42,230.797,1.44251,1.25853,0.9477,0.41547,0.18621,0.21292,0.12234,0.1309,1.49544,1.16621,1.01914,0.008647,0.008647,0.008647
43,236.011,1.4427,1.21303,0.92629,0.49125,0.21949,0.21812,0.13514,0.13556,1.44568,1.12001,1.01153,0.008614,0.008614,0.008614
44,241.006,1.44308,1.19375,0.9204,0.46591,0.23656,0.21957,0.12388,0.13166,1.45108,1.09525,1.0141,0.008581,0.008581,0.008581
45,246.656,1.48426,1.20626,0.93722,0.47628,0.25576,0.21942,0.10894,0.12717,1.56979,1.12885,1.03491,0.008548,0.008548,0.008548
46,251.823,1.39876,1.14738,0.92276,0.58321,0.24236,0.21752,0.12408,0.12959,1.54204,1.12048,1.02194,0.008515,0.008515,0.008515
47,257.387,1.39718,1.13071,0.91789,0.53039,0.22359,0.21711,0.1239,0.13534,1.43891,1.06537,1.01073,0.008482,0.008482,0.008482
48,262.603,1.40339,1.13366,0.92272,0.5462,0.25086,0.22251,0.12983,0.13717,1.43861,1.0627,1.01316,0.008449,0.008449,0.008449
49,267.738,1.41445,1.14789,0.92425,0.46525,0.25117,0.21537,0.11601,0.12304,1.50312,1.11493,1.01041,0.008416,0.008416,0.008416
50,273.248,1.42643,1.16483,0.91844,0.51423,0.24832,0.23625,0.12462,0.13954,1.58468,1.12938,1.0275,0.008383,0.008383,0.008383
51,278.529,1.36655,1.12115,0.92891,0.55967,0.26201,0.23876,0.12361,0.13808,1.47158,1.04548,1.01164,0.00835,0.00835,0.00835
52,284.276,1.41332,1.11327,0.91984,0.50913,0.25925,0.24726,0.14246,0.14692,1.50759,1.07141,1.0172,0.008317,0.008317,0.008317
53,289.959,1.42361,1.10363,0.93862,0.62025,0.24028,0.23327,0.12651,0.13766,1.50142,1.00787,1.02126,0.008284,0.008284,0.008284
54,295.546,1.38941,1.0993,0.91846,0.57114,0.24585,0.24821,0.15009,0.15325,1.4564,1.00916,1.01661,0.008251,0.008251,0.008251
55,301.05,1.36339,1.07409,0.929,0.57441,0.23329,0.23919,0.14545,0.14706,1.42925,0.99861,1.02438,0.008218,0.008218,0.008218
56,306.167,1.38999,1.0839,0.9211,0.5483,0.25582,0.24202,0.14633,0.14952,1.453,1.01169,1.01437,0.008185,0.008185,0.008185
57,311.088,1.36441,1.05964,0.90902,0.47487,0.2589,0.22092,0.11561,0.12985,1.56467,1.06715,1.02982,0.008152,0.008152,0.008152
58,315.914,1.33719,1.04424,0.90232,0.53227,0.23506,0.21521,0.12057,0.13137,1.58304,1.11923,1.04496,0.008119,0.008119,0.008119
59,320.969,1.36315,1.06319,0.90755,0.59834,0.25829,0.25655,0.14965,0.16318,1.39594,0.98667,0.99748,0.008086,0.008086,0.008086
60,326.098,1.35526,1.08356,0.91904,0.58044,0.2667,0.25075,0.15823,0.1557,1.38395,0.98398,0.99801,0.008053,0.008053,0.008053
61,331.225,1.33775,1.05859,0.91849,0.63732,0.25595,0.25249,0.13104,0.15471,1.5185,1.02021,1.02885,0.00802,0.00802,0.00802
62,336.696,1.3294,1.04962,0.91305,0.54202,0.23325,0.22206,0.12491,0.13134,1.47782,1.06304,1.02068,0.007987,0.007987,0.007987
63,342.091,1.34923,1.06513,0.91402,0.63027,0.26002,0.24646,0.136,0.1412,1.46885,1.06204,1.03732,0.007954,0.007954,0.007954
64,347.133,1.34525,1.0649,0.91186,0.57736,0.26134,0.26154,0.15433,0.15379,1.43062,1.0308,1.01349,0.007921,0.007921,0.007921
65,352.183,1.36047,1.0346,0.9003,0.48263,0.2662,0.2415,0.13329,0.14634,1.55026,1.04185,1.02711,0.007888,0.007888,0.007888
66,357.332,1.34049,1.05196,0.90724,0.50449,0.27046,0.25211,0.13477,0.1463,1.46389,1.04393,1.00021,0.007855,0.007855,0.007855
67,362.429,1.33855,1.03628,0.91652,0.49706,0.27622,0.26845,0.15798,0.16639,1.41609,0.95925,1.01553,0.007822,0.007822,0.007822
68,367.626,1.34558,1.01712,0.89557,0.47798,0.27085,0.26715,0.14459,0.16113,1.44108,1.00208,1.00895,0.007789,0.007789,0.007789
69,372.993,1.33676,1.03656,0.90346,0.60046,0.24557,0.26473,0.13961,0.15756,1.56579,1.01528,1.04844,0.007756,0.007756,0.007756
70,378.493,1.28917,0.99431,0.90093,0.62184,0.22409,0.26441,0.14228,0.15357,1.49601,1.01414,1.02566,0.007723,0.007723,0.007723
71,383.924,1.32134,0.99323,0.89368,0.53516,0.28095,0.28069,0.17907,0.17055,1.41494,0.98005,1.02089,0.00769,0.00769,0.00769
72,389.359,1.31639,1.00239,0.90303,0.52334,0.29296,0.28765,0.1619,0.17748,1.39145,0.98204,1.01744,0.007657,0.007657,0.007657
73,395.069,1.31912,0.98396,0.89798,0.51723,0.27069,0.26613,0.14293,0.1639,1.49074,1.00149,1.02684,0.007624,0.007624,0.007624
74,400.157,1.3084,1.00137,0.89941,0.5897,0.29264,0.26504,0.13897,0.15493,1.48012,1.01213,1.02439,0.007591,0.007591,0.007591
75,405.518,1.31428,1.00649,0.90951,0.59254,0.28077,0.2742,0.16942,0.16735,1.36239,0.96659,0.99567,0.007558,0.007558,0.007558
76,411.125,1.30227,0.97622,0.90008,0.51978,0.29276,0.28879,0.16891,0.17623,1.41076,0.95873,1.02248,0.007525,0.007525,0.007525
77,416.367,1.29583,0.99102,0.90419,0.53164,0.29355,0.29411,0.15299,0.17001,1.51925,0.98146,1.04771,0.007492,0.007492,0.007492
78,421.492,1.34398,0.99731,0.89782,0.53515,0.31712,0.30929,0.1581,0.17976,1.47929,0.96498,1.02876,0.007459,0.007459,0.007459
79,427.188,1.27396,0.97264,0.89164,0.56311,0.28711,0.29024,0.16564,0.17768,1.50989,0.96699,1.04748,0.007426,0.007426,0.007426
80,432.366,1.30399,0.97189,0.90977,0.56358,0.24682,0.25478,0.14577,0.15322,1.6039,1.02995,1.07313,0.007393,0.007393,0.007393
81,437.695,1.27497,0.93151,0.88936,0.6155,0.30145,0.29866,0.1457,0.17131,1.42176,0.93158,1.01869,0.00736,0.00736,0.00736
82,443.066,1.28102,0.96052,0.89105,0.55669,0.28663,0.27431,0.131,0.15443,1.40605,0.93136,1.01408,0.007327,0.007327,0.007327
83,448.486,1.30718,0.96427,0.90989,0.53269,0.27547,0.26263,0.12401,0.14668,1.53289,0.97193,1.04143,0.007294,0.007294,0.007294
84,453.704,1.29475,0.9519,0.88907,0.55991,0.27106,0.25611,0.12583,0.13894,1.57749,1.00593,1.05189,0.007261,0.007261,0.007261
85,459.55,1.27993,0.94019,0.90084,0.55346,0.28682,0.28411,0.1651,0.16879,1.42036,0.946,1.02328,0.007228,0.007228,0.007228
86,465.259,1.2543,0.93531,0.89595,0.53406,0.30016,0.28942,0.15889,0.17262,1.43512,0.93746,1.02665,0.007195,0.007195,0.007195
87,470.32,1.24346,0.94633,0.89713,0.50683,0.25987,0.27117,0.1261,0.14447,1.55914,0.97303,1.06015,0.007162,0.007162,0.007162
88,475.873,1.22331,0.92041,0.88239,0.58397,0.27854,0.27879,0.12035,0.14846,1.52596,0.9715,1.03988,0.007129,0.007129,0.007129
89,481.463,1.2404,0.90895,0.88909,0.58676,0.28655,0.28674,0.15742,0.16526,1.46814,0.9477,1.03731,0.007096,0.007096,0.007096
90,486.887,1.3022,0.95482,0.90479,0.54641,0.29691,0.30794,0.13794,0.17269,1.44597,0.92138,1.03029,0.007063,0.007063,0.007063
91,492.799,1.23523,0.90571,0.90207,0.56192,0.2727,0.29879,0.14931,0.17073,1.46378,0.96646,1.02397,0.00703,0.00703,0.00703
92,498.679,1.24808,0.91553,0.8879,0.55637,0.29597,0.30349,0.15115,0.16786,1.4439,0.93024,1.00804,0.006997,0.006997,0.006997
93,504.11,1.25282,0.92325,0.89495,0.49296,0.33951,0.31333,0.15711,0.17623,1.35368,0.90845,0.99485,0.006964,0.006964,0.006964
94,509.652,1.27834,0.94257,0.88815,0.5991,0.30042,0.30955,0.15013,0.17039,1.39624,0.925,1.00536,0.006931,0.006931,0.006931
95,515.11,1.26021,0.91838,0.89574,0.54204,0.28454,0.3096,0.14933,0.17593,1.42146,0.94479,1.01079,0.006898,0.006898,0.006898
96,520.943,1.26598,0.92332,0.88151,0.58531,0.2517,0.30649,0.14766,0.18161,1.44708,0.94839,1.00814,0.006865,0.006865,0.006865
97,526.293,1.25835,0.9204,0.88637,0.51113,0.29794,0.30555,0.14567,0.17254,1.38646,0.93143,1.00201,0.006832,0.006832,0.006832
98,531.603,1.22922,0.89307,0.87679,0.49797,0.31397,0.31834,0.16577,0.18918,1.42151,0.92169,1.02302,0.006799,0.006799,0.006799
99,536.889,1.23104,0.88375,0.88453,0.58922,0.28062,0.30942,0.1514,0.17627,1.50612,0.94472,1.03255,0.006766,0.006766,0.006766
100,542.358,1.25103,0.90861,0.87615,0.48331,0.28447,0.2947,0.15664,0.16637,1.63722,0.99645,1.07244,0.006733,0.006733,0.006733
101,548.319,1.21939,0.90006,0.87925,0.46691,0.31875,0.31982,0.13587,0.17304,1.50003,0.95338,1.04467,0.0067,0.0067,0.0067
102,553.66,1.24022,0.87426,0.8812,0.52637,0.31109,0.32449,0.14664,0.17833,1.49727,0.92592,1.03847,0.006667,0.006667,0.006667
103,558.986,1.22155,0.869,0.87512,0.52626,0.31009,0.30371,0.13249,0.16955,1.51004,0.97788,1.03561,0.006634,0.006634,0.006634
104,564.797,1.22024,0.89471,0.88585,0.58262,0.27759,0.32495,0.15979,0.17923,1.53256,0.96961,1.05802,0.006601,0.006601,0.006601
105,570.544,1.20763,0.87804,0.87497,0.56021,0.28758,0.32329,0.14828,0.18241,1.46682,0.93295,1.04244,0.006568,0.006568,0.006568
106,575.885,1.21418,0.86123,0.88675,0.57614,0.30337,0.32078,0.1726,0.19084,1.42342,0.91286,1.02393,0.006535,0.006535,0.006535
107,581.09,1.20068,0.85532,0.87897,0.58183,0.32089,0.31799,0.17789,0.17713,1.53684,0.90687,1.0531,0.006502,0.006502,0.006502
108,586.493,1.21996,0.84823,0.89227,0.56175,0.32324,0.32527,0.19487,0.18848,1.50534,0.92208,1.04703,0.006469,0.006469,0.006469
109,591.927,1.2261,0.86735,0.86658,0.58163,0.315,0.32252,0.16462,0.18859,1.43658,0.87902,1.02508,0.006436,0.006436,0.006436
110,597.045,1.17823,0.86593,0.87111,0.58512,0.31572,0.34232,0.18019,0.20363,1.44318,0.88888,1.02788,0.006403,0.006403,0.006403
111,602.406,1.22143,0.85995,0.87637,0.60735,0.31625,0.34172,0.19156,0.19995,1.41213,0.90341,1.01714,0.00637,0.00637,0.00637
112,608.163,1.23883,0.87763,0.87138,0.60711,0.31007,0.34052,0.16645,0.19427,1.36185,0.87222,0.99307,0.006337,0.006337,0.006337
113,613.969,1.21148,0.86619,0.87174,0.51325,0.314,0.30994,0.14449,0.17052,1.51237,0.95539,1.03053,0.006304,0.006304,0.006304
114,619.29,1.2016,0.85171,0.8762,0.5361,0.27521,0.31367,0.14319,0.16685,1.5621,0.96555,1.04906,0.006271,0.006271,0.006271
115,624.648,1.17236,0.83319,0.87754,0.44714,0.35942,0.34748,0.16443,0.19982,1.42909,0.87522,1.01782,0.006238,0.006238,0.006238
116,629.683,1.19576,0.83039,0.87656,0.54349,0.28504,0.32934,0.19916,0.19504,1.40876,0.89266,1.00939,0.006205,0.006205,0.006205
117,634.646,1.18831,0.83864,0.87335,0.58527,0.31523,0.33451,0.15809,0.18322,1.51011,0.89883,1.03796,0.006172,0.006172,0.006172
118,639.799,1.16951,0.83387,0.86928,0.53842,0.32281,0.32606,0.16196,0.18693,1.47482,0.90831,1.02913,0.006139,0.006139,0.006139
119,645.171,1.15918,0.81359,0.8753,0.56085,0.3425,0.3306,0.17511,0.19389,1.42972,0.89302,1.02571,0.006106,0.006106,0.006106
120,650.276,1.17612,0.82989,0.86688,0.53967,0.34241,0.3408,0.19033,0.19807,1.45191,0.89293,1.0372,0.006073,0.006073,0.006073
121,655.415,1.18078,0.84361,0.87171,0.52514,0.34164,0.34651,0.21501,0.20764,1.50157,0.89182,1.04448,0.00604,0.00604,0.00604
122,660.453,1.2074,0.83817,0.87695,0.55085,0.343,0.3406,0.18127,0.19768,1.44073,0.86265,1.0265,0.006007,0.006007,0.006007
123,665.78,1.19012,0.83358,0.88038,0.48164,0.36782,0.34188,0.17323,0.19314,1.45067,0.87652,1.03856,0.005974,0.005974,0.005974
124,671.501,1.17635,0.83011,0.87035,0.41609,0.35188,0.32477,0.19038,0.19191,1.47709,0.87825,1.03406,0.005941,0.005941,0.005941
125,676.944,1.17542,0.81657,0.87018,0.50025,0.3411,0.35316,0.18814,0.2138,1.36113,0.8786,1.0102,0.005908,0.005908,0.005908
126,682.465,1.13535,0.80638,0.87126,0.50743,0.37544,0.37799,0.22218,0.22101,1.37856,0.86686,1.01018,0.005875,0.005875,0.005875
127,687.883,1.2001,0.82705,0.87592,0.51221,0.35366,0.36917,0.16991,0.19519,1.49085,0.88602,1.03769,0.005842,0.005842,0.005842
128,693.587,1.16781,0.81281,0.8807,0.52029,0.36213,0.3603,0.16914,0.19281,1.49619,0.8791,1.0436,0.005809,0.005809,0.005809
129,699.341,1.17184,0.8204,0.86861,0.51684,0.3603,0.34889,0.17766,0.2,1.42386,0.89903,1.01905,0.005776,0.005776,0.005776
130,705.067,1.14576,0.8178,0.87522,0.55365,0.37045,0.35623,0.19779,0.20561,1.43569,0.87595,1.02797,0.005743,0.005743,0.005743
131,710.227,1.16111,0.81373,0.86539,0.46822,0.33177,0.31151,0.15874,0.17377,1.57311,0.97068,1.06525,0.00571,0.00571,0.00571
132,715.978,1.1866,0.83402,0.87858,0.52508,0.30802,0.34181,0.16771,0.18795,1.54731,0.90647,1.06079,0.005677,0.005677,0.005677
133,721.496,1.14448,0.81865,0.86678,0.53492,0.33093,0.36347,0.19927,0.21452,1.41437,0.87112,1.02352,0.005644,0.005644,0.005644
134,726.627,1.14877,0.80959,0.8677,0.55368,0.31891,0.35658,0.18185,0.20695,1.41647,0.87861,1.02325,0.005611,0.005611,0.005611
135,732.128,1.13992,0.79704,0.85816,0.46907,0.35538,0.35118,0.18102,0.20415,1.45383,0.87302,1.03264,0.005578,0.005578,0.005578
136,737.332,1.10957,0.78269,0.86969,0.51976,0.30116,0.33331,0.1588,0.18852,1.50263,0.88902,1.03711,0.005545,0.005545,0.005545
137,742.637,1.12546,0.79583,0.85756,0.49514,0.35809,0.35673,0.18064,0.20333,1.39784,0.86144,1.0212,0.005512,0.005512,0.005512
138,747.837,1.12751,0.79449,0.87349,0.42549,0.41432,0.35562,0.17388,0.20389,1.39656,0.86681,1.01482,0.005479,0.005479,0.005479
139,753.266,1.12278,0.79479,0.85733,0.49321,0.35933,0.34041,0.17164,0.19415,1.48292,0.87438,1.04245,0.005446,0.005446,0.005446
140,758.367,1.17048,0.81444,0.87267,0.50487,0.36649,0.35294,0.17433,0.20399,1.39786,0.85138,1.01107,0.005413,0.005413,0.005413
141,763.827,1.12342,0.79455,0.86315,0.53605,0.36538,0.36505,0.18562,0.2116,1.44082,0.85903,1.02528,0.00538,0.00538,0.00538
142,769.485,1.13999,0.79334,0.86547,0.47263,0.35003,0.35292,0.16976,0.19549,1.44647,0.87265,1.02858,0.005347,0.005347,0.005347
143,775.104,1.14207,0.79073,0.86667,0.55219,0.36313,0.3416,0.17638,0.20292,1.4049,0.87261,1.02338,0.005314,0.005314,0.005314
144,781.122,1.12426,0.78194,0.85735,0.52962,0.37661,0.36007,0.17166,0.20838,1.41545,0.87702,1.02828,0.005281,0.005281,0.005281
145,786.881,1.17552,0.80417,0.86824,0.48779,0.31982,0.34039,0.16299,0.19378,1.48182,0.90393,1.04017,0.005248,0.005248,0.005248
146,792.316,1.11799,0.78381,0.85819,0.51307,0.35708,0.35861,0.18628,0.20725,1.4435,0.87323,1.03174,0.005215,0.005215,0.005215
147,797.444,1.14583,0.77908,0.85988,0.50733,0.37394,0.36335,0.20309,0.21778,1.40459,0.86511,1.03,0.005182,0.005182,0.005182
148,802.787,1.12889,0.77758,0.86329,0.54393,0.35853,0.35912,0.21417,0.21714,1.40959,0.85381,1.02865,0.005149,0.005149,0.005149
149,808.125,1.12271,0.7819,0.86113,0.46507,0.38902,0.34728,0.19245,0.20791,1.48863,0.8948,1.04876,0.005116,0.005116,0.005116
150,813.502,1.08178,0.76369,0.85245,0.48925,0.38782,0.367,0.22554,0.21806,1.47452,0.88808,1.04448,0.005083,0.005083,0.005083
151,819.154,1.08594,0.77744,0.8589,0.47344,0.38736,0.36484,0.2045,0.21824,1.39715,0.8579,1.02277,0.00505,0.00505,0.00505
152,824.938,1.15137,0.79017,0.8599,0.50179,0.35145,0.36027,0.18446,0.21039,1.40687,0.8797,1.02754,0.005017,0.005017,0.005017
153,830.092,1.09119,0.75279,0.86256,0.52238,0.37097,0.36617,0.18115,0.21394,1.44126,0.8683,1.03934,0.004984,0.004984,0.004984
154,835.06,1.1148,0.76605,0.85821,0.49573,0.38216,0.35511,0.17013,0.20724,1.49537,0.89254,1.04527,0.004951,0.004951,0.004951
155,840.293,1.09142,0.75957,0.85499,0.56476,0.36006,0.36614,0.19687,0.21882,1.42591,0.87447,1.03237,0.004918,0.004918,0.004918
156,845.529,1.06279,0.74445,0.85122,0.51338,0.37037,0.35497,0.20659,0.2154,1.45121,0.88245,1.04411,0.004885,0.004885,0.004885
157,850.711,1.08605,0.75168,0.85751,0.49601,0.3905,0.38045,0.23189,0.23136,1.44509,0.88062,1.03854,0.004852,0.004852,0.004852
158,855.752,1.13417,0.77774,0.85164,0.49718,0.37617,0.37319,0.19307,0.21354,1.44511,0.8606,1.03297,0.004819,0.004819,0.004819
159,861.119,1.08599,0.75339,0.85578,0.50939,0.3952,0.38355,0.22672,0.23533,1.37437,0.8436,1.01638,0.004786,0.004786,0.004786
160,867.071,1.07656,0.75452,0.87115,0.51447,0.39441,0.37993,0.21163,0.22895,1.38192,0.83712,1.0174,0.004753,0.004753,0.004753
161,872.681,1.0828,0.736,0.85703,0.51139,0.36851,0.3595,0.19133,0.20736,1.4654,0.89263,1.03856,0.00472,0.00472,0.00472
162,878.157,1.05805,0.74303,0.85004,0.5591,0.34046,0.36165,0.19432,0.21331,1.43286,0.8711,1.02913,0.004687,0.004687,0.004687
163,883.283,1.06084,0.74796,0.85098,0.51117,0.37309,0.37238,0.22126,0.2292,1.3889,0.86673,1.02425,0.004654,0.004654,0.004654
164,888.289,1.07624,0.75958,0.85394,0.47874,0.36557,0.36254,0.21601,0.21931,1.41806,0.86233,1.02312,0.004621,0.004621,0.004621
165,893.365,1.09319,0.76685,0.86179,0.47233,0.3669,0.35582,0.17818,0.20851,1.4252,0.87874,1.02036,0.004588,0.004588,0.004588
166,898.929,1.05873,0.7294,0.8589,0.47189,0.34544,0.34128,0.1749,0.20069,1.48269,0.86726,1.04301,0.004555,0.004555,0.004555
167,904.287,1.08524,0.74958,0.85099,0.47688,0.37796,0.38003,0.21757,0.23011,1.41354,0.83436,1.03428,0.004522,0.004522,0.004522
168,909.586,1.07321,0.75103,0.8615,0.52954,0.35448,0.3816,0.19676,0.23107,1.42924,0.85726,1.03432,0.004489,0.004489,0.004489
169,915.132,1.071,0.75178,0.85777,0.56584,0.36872,0.37655,0.19669,0.2273,1.47894,0.87052,1.05024,0.004456,0.004456,0.004456
170,920.223,1.06787,0.75447,0.85227,0.57603,0.37045,0.3812,0.19386,0.22921,1.46305,0.8641,1.04623,0.004423,0.004423,0.004423
171,925.584,1.01966,0.7069,0.85503,0.58961,0.37273,0.38602,0.19698,0.22627,1.42798,0.87823,1.03724,0.00439,0.00439,0.00439
172,930.918,1.06187,0.72083,0.8512,0.57877,0.35599,0.36719,0.17231,0.21255,1.45348,0.89504,1.04858,0.004357,0.004357,0.004357
173,936.097,1.10815,0.76511,0.85855,0.49975,0.36544,0.37828,0.19644,0.21983,1.49516,0.87535,1.05112,0.004324,0.004324,0.004324
174,941.298,1.07581,0.72402,0.85188,0.54964,0.35775,0.35638,0.15904,0.1933,1.47994,0.88554,1.04841,0.004291,0.004291,0.004291
175,946.739,1.07244,0.74999,0.84689,0.49419,0.37379,0.37592,0.19651,0.22215,1.41468,0.85403,1.03138,0.004258,0.004258,0.004258
176,952.118,1.06203,0.73515,0.84694,0.52355,0.37792,0.37436,0.20298,0.22023,1.40908,0.85166,1.0365,0.004225,0.004225,0.004225
177,957.23,1.06115,0.7323,0.8518,0.50271,0.39037,0.37414,0.1993,0.21845,1.41457,0.85979,1.03403,0.004192,0.004192,0.004192
178,962.755,1.04745,0.71827,0.85228,0.55613,0.41188,0.40444,0.22011,0.24232,1.38398,0.82404,1.02469,0.004159,0.004159,0.004159
179,968.395,1.0615,0.74002,0.84237,0.60118,0.40275,0.38202,0.18664,0.21259,1.50219,0.85739,1.06452,0.004126,0.004126,0.004126
180,973.609,1.06645,0.72859,0.85673,0.54459,0.35914,0.36216,0.18035,0.20526,1.47119,0.86488,1.04933,0.004093,0.004093,0.004093
181,978.684,1.02893,0.7197,0.84001,0.54362,0.37925,0.36417,0.22679,0.22165,1.42289,0.84807,1.03763,0.00406,0.00406,0.00406
182,984.507,1.03769,0.71175,0.84901,0.58353,0.37822,0.36747,0.19431,0.21683,1.42533,0.83679,1.03466,0.004027,0.004027,0.004027
183,989.427,1.01787,0.71873,0.84984,0.56669,0.38273,0.36844,0.22001,0.21995,1.43616,0.82257,1.0346,0.003994,0.003994,0.003994
184,995.042,1.04926,0.72342,0.84935,0.60569,0.35289,0.36134,0.22231,0.21916,1.41764,0.83419,1.02949,0.003961,0.003961,0.003961
185,1000.44,1.01712,0.70694,0.84421,0.51711,0.36944,0.3584,0.21536,0.21249,1.43882,0.86683,1.03161,0.003928,0.003928,0.003928
186,1005.8,1.04985,0.73083,0.85518,0.47089,0.38157,0.35844,0.18503,0.21004,1.43257,0.8644,1.03534,0.003895,0.003895,0.003895
187,1011.22,1.0504,0.74853,0.8492,0.49395,0.3895,0.37237,0.20169,0.21519,1.45405,0.85103,1.04608,0.003862,0.003862,0.003862
188,1016.6,1.0647,0.72598,0.84825,0.50416,0.37474,0.36656,0.20417,0.21446,1.4628,0.85521,1.04543,0.003829,0.003829,0.003829
189,1021.83,1.03325,0.70793,0.84263,0.53957,0.37023,0.35769,0.19448,0.20757,1.41342,0.84577,1.03187,0.003796,0.003796,0.003796
190,1027.76,1.02782,0.72076,0.84301,0.51988,0.37539,0.3658,0.18451,0.21002,1.40725,0.82808,1.02564,0.003763,0.003763,0.003763
191,1033.16,1.04064,0.72046,0.84222,0.54619,0.35764,0.37904,0.19215,0.21461,1.38352,0.80239,1.02232,0.00373,0.00373,0.00373
192,1038.23,1.01734,0.71656,0.8457,0.52278,0.34424,0.37803,0.18497,0.21483,1.40322,0.82227,1.03403,0.003697,0.003697,0.003697
193,1043.24,1.03028,0.71425,0.85147,0.58935,0.34886,0.38883,0.20638,0.22637,1.38455,0.81892,1.02591,0.003664,0.003664,0.003664
194,1048.87,1.01714,0.70436,0.84542,0.58433,0.37663,0.38276,0.19024,0.22002,1.41201,0.83269,1.04067,0.003631,0.003631,0.003631
195,1054.38,1.01251,0.70617,0.84464,0.55265,0.37153,0.37412,0.21417,0.22613,1.39785,0.81169,1.03347,0.003598,0.003598,0.003598
196,1059.8,1.04846,0.71746,0.84057,0.5508,0.37465,0.36981,0.19372,0.21993,1.407,0.81799,1.03057,0.003565,0.003565,0.003565
197,1065.19,1.02593,0.71556,0.85473,0.56583,0.3436,0.3567,0.16672,0.2057,1.44324,0.8493,1.04426,0.003532,0.003532,0.003532
198,1070.48,1.03199,0.71587,0.85023,0.50573,0.36796,0.36448,0.1966,0.21419,1.42311,0.82123,1.042,0.003499,0.003499,0.003499
199,1075.47,1.01919,0.69657,0.84613,0.5516,0.35033,0.36613,0.19603,0.22298,1.4024,0.82867,1.03867,0.003466,0.003466,0.003466
200,1080.93,1.0406,0.70619,0.83668,0.54061,0.35734,0.36814,0.19451,0.21617,1.42076,0.83159,1.04859,0.003433,0.003433,0.003433
201,1086.15,1.01451,0.70198,0.84007,0.56953,0.3497,0.35258,0.174,0.20919,1.45441,0.85029,1.05556,0.0034,0.0034,0.0034
202,1091.2,0.98568,0.6914,0.83281,0.57522,0.32443,0.3478,0.20717,0.20541,1.47876,0.85184,1.06216,0.003367,0.003367,0.003367
203,1096.69,1.00996,0.69333,0.84505,0.58609,0.3294,0.35982,0.18071,0.21461,1.44821,0.85324,1.05797,0.003334,0.003334,0.003334
204,1101.8,1.00332,0.70179,0.83928,0.59453,0.3195,0.36178,0.18081,0.20972,1.44571,0.84554,1.05361,0.003301,0.003301,0.003301
205,1108.11,1.01527,0.69778,0.84163,0.51239,0.38105,0.35823,0.18367,0.20902,1.46658,0.8612,1.05726,0.003268,0.003268,0.003268
206,1113.69,0.98531,0.68136,0.83986,0.55728,0.37815,0.36977,0.18001,0.21511,1.46572,0.84988,1.05798,0.003235,0.003235,0.003235
207,1119.13,0.98897,0.6804,0.83674,0.55079,0.38258,0.36435,0.18765,0.21334,1.51125,0.85163,1.07002,0.003202,0.003202,0.003202
208,1124.24,0.99413,0.69764,0.84114,0.557,0.37351,0.36394,0.1961,0.21318,1.51973,0.87315,1.07648,0.003169,0.003169,0.003169
209,1129.83,1.00203,0.68826,0.84462,0.55203,0.37774,0.37726,0.20617,0.22334,1.43993,0.85268,1.05044,0.003136,0.003136,0.003136
210,1135.19,0.9743,0.67683,0.8345,0.54298,0.39838,0.38754,0.21027,0.22918,1.42176,0.84199,1.03991,0.003103,0.003103,0.003103
211,1140.36,1.00191,0.69351,0.84541,0.60163,0.37071,0.38456,0.20255,0.22743,1.42135,0.8364,1.0423,0.00307,0.00307,0.00307
212,1145.49,0.97839,0.67709,0.83479,0.56159,0.38356,0.38586,0.19747,0.23017,1.44183,0.84326,1.05041,0.003037,0.003037,0.003037
213,1151.39,0.9837,0.67267,0.842,0.5679,0.39329,0.38901,0.21314,0.2292,1.41487,0.84918,1.04083,0.003004,0.003004,0.003004
214,1156.59,0.996,0.69035,0.84541,0.56836,0.4062,0.38815,0.20964,0.23576,1.4114,0.83538,1.03869,0.002971,0.002971,0.002971
215,1162.19,0.96971,0.68562,0.84153,0.57956,0.39472,0.37947,0.20975,0.22516,1.40267,0.84475,1.03753,0.002938,0.002938,0.002938
216,1167.89,0.98309,0.67798,0.83546,0.53982,0.369,0.37369,0.19308,0.21923,1.45136,0.8475,1.05254,0.002905,0.002905,0.002905
217,1173.19,1.02592,0.7006,0.84413,0.55535,0.36501,0.37235,0.20693,0.22357,1.42542,0.84763,1.04463,0.002872,0.002872,0.002872
218,1178.82,0.99566,0.68362,0.83781,0.5762,0.34764,0.38142,0.20268,0.22337,1.43527,0.84995,1.04262,0.002839,0.002839,0.002839
219,1184.3,1.00538,0.69688,0.83695,0.56202,0.38629,0.37145,0.23736,0.23076,1.43608,0.81915,1.05649,0.002806,0.002806,0.002806
220,1189.47,0.99752,0.71421,0.84599,0.58845,0.38639,0.37358,0.23555,0.23373,1.45295,0.83703,1.06119,0.002773,0.002773,0.002773
221,1194.79,0.95979,0.66736,0.83474,0.57553,0.37536,0.37199,0.21548,0.22938,1.4061,0.81778,1.04439,0.00274,0.00274,0.00274
222,1200.3,0.98525,0.68573,0.83686,0.59482,0.36784,0.38457,0.21391,0.2318,1.41739,0.82261,1.04814,0.002707,0.002707,0.002707
223,1205.91,1.00085,0.68014,0.83732,0.55601,0.39717,0.38945,0.19987,0.2295,1.43936,0.82586,1.05664,0.002674,0.002674,0.002674
224,1211.15,0.9746,0.67537,0.83217,0.60757,0.37938,0.38695,0.18203,0.21927,1.44599,0.83812,1.05537,0.002641,0.002641,0.002641
225,1216.87,0.94112,0.66383,0.83557,0.61187,0.35902,0.38631,0.20694,0.22623,1.43191,0.82299,1.05227,0.002608,0.002608,0.002608
226,1222.12,0.95411,0.67933,0.83752,0.6246,0.36084,0.37355,0.20632,0.22199,1.44223,0.8287,1.05718,0.002575,0.002575,0.002575
227,1227.41,0.94553,0.65717,0.83295,0.58236,0.38746,0.39222,0.2106,0.2288,1.40978,0.82527,1.04678,0.002542,0.002542,0.002542
228,1232.9,0.968,0.6839,0.83684,0.61365,0.36512,0.3902,0.21766,0.23399,1.41593,0.82729,1.05173,0.002509,0.002509,0.002509
