case,split,image,json,output_image,output_label,width,height,labels,skipped
0001,train,D:\赛题六公开数据集\赛题六公开数据集\200_train_cases\0001\0001-KiCad.png,D:\赛题六公开数据集\赛题六公开数据集\200_train_cases\0001\0001-KiCad_target_named.json,outputs\yolo_components\images\train\0001.png,outputs\yolo_components\labels\train\0001.txt,1442,1090,91,0
0002,train,D:\赛题六公开数据集\赛题六公开数据集\200_train_cases\0002\0002-Datasheet.png,D:\赛题六公开数据集\赛题六公开数据集\200_train_cases\0002\0002-Datasheet_target_named.json,outputs\yolo_components\images\train\0002.png,outputs\yolo_components\labels\train\0002.txt,1127,509,12,0
0005,train,D:\赛题六公开数据集\赛题六公开数据集\200_train_cases\0005\0005-kicad.png,D:\赛题六公开数据集\赛题六公开数据集\200_train_cases\0005\0005-kicad_target_named.json,outputs\yolo_components\images\train\0005.png,outputs\yolo_components\labels\train\0005.txt,561,348,18,0
0007,train,D:\赛题六公开数据集\赛题六公开数据集\200_train_cases\0007\0007-Datasheet.png,D:\赛题六公开数据集\赛题六公开数据集\200_train_cases\0007\0007-Datasheet_target_named.json,outputs\yolo_components\images\train\0007.png,outputs\yolo_components\labels\train\0007.txt,1052,642,21,0
0008,train,D:\赛题六公开数据集\赛题六公开数据集\200_train_cases\0008\0008-Altium Designer.png,D:\赛题六公开数据集\赛题六公开数据集\200_train_cases\0008\0008-Altium Designer_target_named.json,outputs\yolo_components\images\train\0008.png,outputs\yolo_components\labels\train\0008.txt,524,510,36,0
0009,train,D:\赛题六公开数据集\赛题六公开数据集\200_train_cases\0009\0009-Datasheet.png,D:\赛题六公开数据集\赛题六公开数据集\200_train_cases\0009\0009-Datasheet_target_named.json,outputs\yolo_components\images\train\0009.png,outputs\yolo_components\labels\train\0009.txt,871,431,16,0
0010,train,D:\赛题六公开数据集\赛题六公开数据集\200_train_cases\0010\0010-Altium Designer.png,D:\赛题六公开数据集\赛题六公开数据集\200_train_cases\0010\0010-Altium Designer_target_named.json,outputs\yolo_components\images\train\0010.png,outputs\yolo_components\labels\train\0010.txt,808,562,22,0
0011,train,D:\赛题六公开数据集\赛题六公开数据集\200_train_cases\0011\0011-Altium Designer.png,D:\赛题六公开数据集\赛题六公开数据集\200_train_cases\0011\0011-Altium Designer_target_named.json,outputs\yolo_components\images\train\0011.png,outputs\yolo_components\labels\train\0011.txt,3450,2280,61,0
0012,train,D:\赛题六公开数据集\赛题六公开数据集\200_train_cases\0012\0012-Altium Designer.png,D:\赛题六公开数据集\赛题六公开数据集\200_train_cases\0012\0012-Altium Designer_target_named.json,outputs\yolo_components\images\train\0012.png,outputs\yolo_components\labels\train\0012.txt,1405,910,44,0
0015,train,D:\赛题六公开数据集\赛题六公开数据集\200_train_cases\0015\0015-Datasheet.png,D:\赛题六公开数据集\赛题六公开数据集\200_train_cases\0015\0015-Datasheet_target_named.json,outputs\yolo_components\images\train\0015.png,outputs\yolo_components\labels\train\0015.txt,1024,521,36,0
0017,train,D:\赛题六公开数据集\赛题六公开数据集\200_train_cases\0017\0017-Datasheet.png,D:\赛题六公开数据集\赛题六公开数据集\200_train_cases\0017\0017-Datasheet_target_named.json,outputs\yolo_components\images\train\0017.png,outputs\yolo_components\labels\train\0017.txt,1591,709,43,0
0018,train,D:\赛题六公开数据集\赛题六公开数据集\200_train_cases\0018\0018-Altium Designer.png,D:\赛题六公开数据集\赛题六公开数据集\200_train_cases\0018\0018-Altium Designer_target_named.json,outputs\yolo_components\images\train\0018.png,outputs\yolo_components\labels\train\0018.txt,1604,664,41,0
0019,train,D:\赛题六公开数据集\赛题六公开数据集\200_train_cases\0019\0019-Altium Designer.png,D:\赛题六公开数据集\赛题六公开数据集\200_train_cases\0019\0019-Altium Designer_target_named.json,outputs\yolo_components\images\train\0019.png,outputs\yolo_components\labels\train\0019.txt,562,457,34,0
0020,train,D:\赛题六公开数据集\赛题六公开数据集\200_train_cases\0020\0020-Altium Designer.png,D:\赛题六公开数据集\赛题六公开数据集\200_train_cases\0020\0020-Altium Designer_target_named.json,outputs\yolo_components\images\train\0020.png,outputs\yolo_components\labels\train\0020.txt,1217,791,68,0
0021,train,D:\赛题六公开数据集\赛题六公开数据集\200_train_cases\0021\0021-other.png,D:\赛题六公开数据集\赛题六公开数据集\200_train_cases\0021\0021-other_target_named.json,outputs\yolo_components\images\train\0021.png,outputs\yolo_components\labels\train\0021.txt,982,731,16,0
0022,train,D:\赛题六公开数据集\赛题六公开数据集\200_train_cases\0022\0022-other.png,D:\赛题六公开数据集\赛题六公开数据集\200_train_cases\0022\0022-other_target_named.json,outputs\yolo_components\images\train\0022.png,outputs\yolo_components\labels\train\0022.txt,992,443,17,0
0023,train,D:\赛题六公开数据集\赛题六公开数据集\200_train_cases\0023\0023-other.png,D:\赛题六公开数据集\赛题六公开数据集\200_train_cases\0023\0023-other_target_named.json,outputs\yolo_components\images\train\0023.png,outputs\yolo_components\labels\train\0023.txt,761,664,12,0
0024,train,D:\赛题六公开数据集\赛题六公开数据集\200_train_cases\0024\0024-other.png,D:\赛题六公开数据集\赛题六公开数据集\200_train_cases\0024\0024-other_target_named.json,outputs\yolo_components\images\train\0024.png,outputs\yolo_components\labels\train\0024.txt,916,515,27,0
0025,train,D:\赛题六公开数据集\赛题六公开数据集\200_train_cases\0025\0025-Altium Designer.png,D:\赛题六公开数据集\赛题六公开数据集\200_train_cases\0025\0025-Altium Designer_target_named.json,outputs\yolo_components\images\train\0025.png,outputs\yolo_components\labels\train\0025.txt,586,435,10,0
0026,train,D:\赛题六公开数据集\赛题六公开数据集\200_train_cases\0026\0026-Datasheet.png,D:\赛题六公开数据集\赛题六公开数据集\200_train_cases\0026\0026-Datasheet_target_named.json,outputs\yolo_components\images\train\0026.png,outputs\yolo_components\labels\train\0026.txt,711,628,29,0
0027,train,D:\赛题六公开数据集\赛题六公开数据集\200_train_cases\0027\0027-Datasheet.png,D:\赛题六公开数据集\赛题六公开数据集\200_train_cases\0027\0027-Datasheet_target_named.json,outputs\yolo_components\images\train\0027.png,outputs\yolo_components\labels\train\0027.txt,1039,539,45,0
0028,train,D:\赛题六公开数据集\赛题六公开数据集\200_train_cases\0028\0028-Datasheet.png,D:\赛题六公开数据集\赛题六公开数据集\200_train_cases\0028\0028-Datasheet_target_named.json,outputs\yolo_components\images\train\0028.png,outputs\yolo_components\labels\train\0028.txt,1411,805,67,0
0029,train,D:\赛题六公开数据集\赛题六公开数据集\200_train_cases\0029\0029-Datasheet.png,D:\赛题六公开数据集\赛题六公开数据集\200_train_cases\0029\0029-Datasheet_target_named.json,outputs\yolo_components\images\train\0029.png,outputs\yolo_components\labels\train\0029.txt,1094,792,36,0
0030,train,D:\赛题六公开数据集\赛题六公开数据集\200_train_cases\0030\0030-Datasheet.png,D:\赛题六公开数据集\赛题六公开数据集\200_train_cases\0030\0030-Datasheet_target_named.json,outputs\yolo_components\images\train\0030.png,outputs\yolo_components\labels\train\0030.txt,577,450,13,0
0032,train,D:\赛题六公开数据集\赛题六公开数据集\200_train_cases\0032\0032-Datasheet.png,D:\赛题六公开数据集\赛题六公开数据集\200_train_cases\0032\0032-Datasheet_target_named.json,outputs\yolo_components\images\train\0032.png,outputs\yolo_components\labels\train\0032.txt,525,711,20,0
0034,train,D:\赛题六公开数据集\赛题六公开数据集\200_train_cases\0034\0034-Datasheet.png,D:\赛题六公开数据集\赛题六公开数据集\200_train_cases\0034\0034-Datasheet_target_named.json,outputs\yolo_components\images\train\0034.png,outputs\yolo_components\labels\train\0034.txt,5100,3296,30,0
0035,train,D:\赛题六公开数据集\赛题六公开数据集\200_train_cases\0035\0035-Datasheet.png,D:\赛题六公开数据集\赛题六公开数据集\200_train_cases\0035\0035-Datasheet_target_named.json,outputs\yolo_components\images\train\0035.png,outputs\yolo_components\labels\train\0035.txt,998,578,24,0
0036,train,D:\赛题六公开数据集\赛题六公开数据集\200_train_cases\0036\0036-Datasheet.png,D:\赛题六公开数据集\赛题六公开数据集\200_train_cases\0036\0036-Datasheet_target_named.json,outputs\yolo_components\images\train\0036.png,outputs\yolo_components\labels\train\0036.txt,832,376,21,0
0039,train,D:\赛题六公开数据集\赛题六公开数据集\200_train_cases\0039\0039-other.png,D:\赛题六公开数据集\赛题六公开数据集\200_train_cases\0039\0039-other_target_named.json,outputs\yolo_components\images\train\0039.png,outputs\yolo_components\labels\train\0039.txt,1081,604,16,0
0040,train,D:\赛题六公开数据集\赛题六公开数据集\200_train_cases\0040\0040-Altium Designer.png,D:\赛题六公开数据集\赛题六公开数据集\200_train_cases\0040\0040-Altium Designer_target_named.json,outputs\yolo_components\images\train\0040.png,outputs\yolo_components\labels\train\0040.txt,821,476,15,0
0041,train,D:\赛题六公开数据集\赛题六公开数据集\200_train_cases\0041\0041-Datasheet.png,D:\赛题六公开数据集\赛题六公开数据集\200_train_cases\0041\0041-Datasheet_target_named.json,outputs\yolo_components\images\train\0041.png,outputs\yolo_components\labels\train\0041.txt,5100,3296,75,0
0042,train,D:\赛题六公开数据集\赛题六公开数据集\200_train_cases\0042\0042-Altium Designer.png,D:\赛题六公开数据集\赛题六公开数据集\200_train_cases\0042\0042-Altium Designer_target_named.json,outputs\yolo_components\images\train\0042.png,outputs\yolo_components\labels\train\0042.txt,546,294,16,0
0044,train,D:\赛题六公开数据集\赛题六公开数据集\200_train_cases\0044\0044-Datasheet.png,D:\赛题六公开数据集\赛题六公开数据集\200_train_cases\0044\0044-Datasheet_target_named.json,outputs\yolo_components\images\train\0044.png,outputs\yolo_components\labels\train\0044.txt,567,240,12,0
0047,train,D:\赛题六公开数据集\赛题六公开数据集\200_train_cases\0047\0047-Datasheet.png,D:\赛题六公开数据集\赛题六公开数据集\200_train_cases\0047\0047-Datasheet_target_named.json,outputs\yolo_components\images\train\0047.png,outputs\yolo_components\labels\train\0047.txt,533,362,31,0
0049,train,D:\赛题六公开数据集\赛题六公开数据集\200_train_cases\0049\0049-Datasheet.png,D:\赛题六公开数据集\赛题六公开数据集\200_train_cases\0049\0049-Datasheet_target_named.json,outputs\yolo_components\images\train\0049.png,outputs\yolo_components\labels\train\0049.txt,1144,821,37,0
0050,train,D:\赛题六公开数据集\赛题六公开数据集\200_train_cases\0050\0050-Altium Designer.png,D:\赛题六公开数据集\赛题六公开数据集\200_train_cases\0050\0050-Altium Designer_target_named.json,outputs\yolo_components\images\train\0050.png,outputs\yolo_components\labels\train\0050.txt,4500,2850,102,0
0051,train,D:\赛题六公开数据集\赛题六公开数据集\200_train_cases\0051\0051-Datasheet.png,D:\赛题六公开数据集\赛题六公开数据集\200_train_cases\0051\0051-Datasheet_target_named.json,outputs\yolo_components\images\train\0051.png,outputs\yolo_components\labels\train\0051.txt,902,614,13,0
0052,train,D:\赛题六公开数据集\赛题六公开数据集\200_train_cases\0052\0052-Datasheet.png,D:\赛题六公开数据集\赛题六公开数据集\200_train_cases\0052\0052-Datasheet_target_named.json,outputs\yolo_components\images\train\0052.png,outputs\yolo_components\labels\train\0052.txt,640,612,16,0
0053,train,D:\赛题六公开数据集\赛题六公开数据集\200_train_cases\0053\0053-Datasheet.png,D:\赛题六公开数据集\赛题六公开数据集\200_train_cases\0053\0053-Datasheet_target_named.json,outputs\yolo_components\images\train\0053.png,outputs\yolo_components\labels\train\0053.txt,1028,716,19,0
0054,train,D:\赛题六公开数据集\赛题六公开数据集\200_train_cases\0054\0054-Datasheet.png,D:\赛题六公开数据集\赛题六公开数据集\200_train_cases\0054\0054-Datasheet_target_named.json,outputs\yolo_components\images\train\0054.png,outputs\yolo_components\labels\train\0054.txt,733,541,10,0
0055,train,D:\赛题六公开数据集\赛题六公开数据集\200_train_cases\0055\0055-Datasheet.png,D:\赛题六公开数据集\赛题六公开数据集\200_train_cases\0055\0055-Datasheet_target_named.json,outputs\yolo_components\images\train\0055.png,outputs\yolo_components\labels\train\0055.txt,775,425,10,0
0056,train,D:\赛题六公开数据集\赛题六公开数据集\200_train_cases\0056\0056-Altium Designer.png,D:\赛题六公开数据集\赛题六公开数据集\200_train_cases\0056\0056-Altium Designer_target_named.json,outputs\yolo_components\images\train\0056.png,outputs\yolo_components\labels\train\0056.txt,5100,3296,47,0
0057,train,D:\赛题六公开数据集\赛题六公开数据集\200_train_cases\0057\0057-Datasheet.png,D:\赛题六公开数据集\赛题六公开数据集\200_train_cases\0057\0057-Datasheet_target_named.json,outputs\yolo_components\images\train\0057.png,outputs\yolo_components\labels\train\0057.txt,1420,723,32,0
0058,train,D:\赛题六公开数据集\赛题六公开数据集\200_train_cases\0058\0058-Datasheet.png,D:\赛题六公开数据集\赛题六公开数据集\200_train_cases\0058\0058-Datasheet_target_named.json,outputs\yolo_components\images\train\0058.png,outputs\yolo_components\labels\train\0058.txt,1242,2006,35,0
0059,train,D:\赛题六公开数据集\赛题六公开数据集\200_train_cases\0059\0059-Datasheet.png,D:\赛题六公开数据集\赛题六公开数据集\200_train_cases\0059\0059-Datasheet_target_named.json,outputs\yolo_components\images\train\0059.png,outputs\yolo_components\labels\train\0059.txt,938,509,13,0
0060,train,D:\赛题六公开数据集\赛题六公开数据集\200_train_cases\0060\0060-jlc.png,D:\赛题六公开数据集\赛题六公开数据集\200_train_cases\0060\0060-jlc_target_named.json,outputs\yolo_components\images\train\0060.png,outputs\yolo_components\labels\train\0060.txt,1190,845,42,0
0061,train,D:\赛题六公开数据集\赛题六公开数据集\200_train_cases\0061\0061-Datasheet.png,D:\赛题六公开数据集\赛题六公开数据集\200_train_cases\0061\0061-Datasheet_target_named.json,outputs\yolo_components\images\train\0061.png,outputs\yolo_components\labels\train\0061.txt,1414,844,26,0
0063,train,D:\赛题六公开数据集\赛题六公开数据集\200_train_cases\0063\0063-other.png,D:\赛题六公开数据集\赛题六公开数据集\200_train_cases\0063\0063-other_target_named.json,outputs\yolo_components\images\train\0063.png,outputs\yolo_components\labels\train\0063.txt,1359,556,15,0
0064,train,D:\赛题六公开数据集\赛题六公开数据集\200_train_cases\0064\0064-other.png,D:\赛题六公开数据集\赛题六公开数据集\200_train_cases\0064\0064-other_target_named.json,outputs\yolo_components\images\train\0064.png,outputs\yolo_components\labels\train\0064.txt,892,715,16,0
0066,train,D:\赛题六公开数据集\赛题六公开数据集\200_train_cases\0066\0066-Datasheet.png,D:\赛题六公开数据集\赛题六公开数据集\200_train_cases\0066\0066-Datasheet_target_named.json,outputs\yolo_components\images\train\0066.png,outputs\yolo_components\labels\train\0066.txt,775,697,11,0
0068,train,D:\赛题六公开数据集\赛题六公开数据集\200_train_cases\0068\0068-Datasheet.png,D:\赛题六公开数据集\赛题六公开数据集\200_train_cases\0068\0068-Datasheet_target_named.json,outputs\yolo_components\images\train\0068.png,outputs\yolo_components\labels\train\0068.txt,894,554,12,0
0069,train,D:\赛题六公开数据集\赛题六公开数据集\200_train_cases\0069\0069-Datasheet.png,D:\赛题六公开数据集\赛题六公开数据集\200_train_cases\0069\0069-Datasheet_target_named.json,outputs\yolo_components\images\train\0069.png,outputs\yolo_components\labels\train\0069.txt,789,489,15,0
0071,train,D:\赛题六公开数据集\赛题六公开数据集\200_train_cases\0071\0071-Altium Designer.png,D:\赛题六公开数据集\赛题六公开数据集\200_train_cases\0071\0071-Altium Designer_target_named.json,outputs\yolo_components\images\train\0071.png,outputs\yolo_components\labels\train\0071.txt,834,402,12,0
0072,train,D:\赛题六公开数据集\赛题六公开数据集\200_train_cases\0072\0072-Datasheet.png,D:\赛题六公开数据集\赛题六公开数据集\200_train_cases\0072\0072-Datasheet_target_named.json,outputs\yolo_components\images\train\0072.png,outputs\yolo_components\labels\train\0072.txt,1086,528,19,0
0073,train,D:\赛题六公开数据集\赛题六公开数据集\200_train_cases\0073\0073-Datasheet.png,D:\赛题六公开数据集\赛题六公开数据集\200_train_cases\0073\0073-Datasheet_target_named.json,outputs\yolo_components\images\train\0073.png,outputs\yolo_components\labels\train\0073.txt,897,388,12,0
0074,train,D:\赛题六公开数据集\赛题六公开数据集\200_train_cases\0074\0074-Altium Designer.png,D:\赛题六公开数据集\赛题六公开数据集\200_train_cases\0074\0074-Altium Designer_target_named.json,outputs\yolo_components\images\train\0074.png,outputs\yolo_components\labels\train\0074.txt,1533,1238,34,0
0075,train,D:\赛题六公开数据集\赛题六公开数据集\200_train_cases\0075\0075-Datasheet.png,D:\赛题六公开数据集\赛题六公开数据集\200_train_cases\0075\0075-Datasheet_target_named.json,outputs\yolo_components\images\train\0075.png,outputs\yolo_components\labels\train\0075.txt,820,1014,71,0
0076,train,D:\赛题六公开数据集\赛题六公开数据集\200_train_cases\0076\0076-Datasheet.png,D:\赛题六公开数据集\赛题六公开数据集\200_train_cases\0076\0076-Datasheet_target_named.json,outputs\yolo_components\images\train\0076.png,outputs\yolo_components\labels\train\0076.txt,3300,2550,116,0
0078,train,D:\赛题六公开数据集\赛题六公开数据集\200_train_cases\0078\0078-Datasheet.png,D:\赛题六公开数据集\赛题六公开数据集\200_train_cases\0078\0078-Datasheet_target_named.json,outputs\yolo_components\images\train\0078.png,outputs\yolo_components\labels\train\0078.txt,803,1041,21,0
0079,train,D:\赛题六公开数据集\赛题六公开数据集\200_train_cases\0079\0079-Datasheet.png,D:\赛题六公开数据集\赛题六公开数据集\200_train_cases\0079\0079-Datasheet_target_named.json,outputs\yolo_components\images\train\0079.png,outputs\yolo_components\labels\train\0079.txt,680,464,22,0
0080,train,D:\赛题六公开数据集\赛题六公开数据集\200_train_cases\0080\0080-Datasheet.png,D:\赛题六公开数据集\赛题六公开数据集\200_train_cases\0080\0080-Datasheet_target_named.json,outputs\yolo_components\images\train\0080.png,outputs\yolo_components\labels\train\0080.txt,3300,2550,128,0
0081,train,D:\赛题六公开数据集\赛题六公开数据集\200_train_cases\0081\0081-Datasheet.png,D:\赛题六公开数据集\赛题六公开数据集\200_train_cases\0081\0081-Datasheet_target_named.json,outputs\yolo_components\images\train\0081.png,outputs\yolo_components\labels\train\0081.txt,633,487,14,0
0082,train,D:\赛题六公开数据集\赛题六公开数据集\200_train_cases\0082\0082-jlc.png,D:\赛题六公开数据集\赛题六公开数据集\200_train_cases\0082\0082-jlc_target_named.json,outputs\yolo_components\images\train\0082.png,outputs\yolo_components\labels\train\0082.txt,1190,845,46,0
0083,train,D:\赛题六公开数据集\赛题六公开数据集\200_train_cases\0083\0083-Datasheet.png,D:\赛题六公开数据集\赛题六公开数据集\200_train_cases\0083\0083-Datasheet_target_named.json,outputs\yolo_components\images\train\0083.png,outputs\yolo_components\labels\train\0083.txt,734,539,14,0
0084,train,D:\赛题六公开数据集\赛题六公开数据集\200_train_cases\0084\0084-Datasheet.png,D:\赛题六公开数据集\赛题六公开数据集\200_train_cases\0084\0084-Datasheet_target_named.json,outputs\yolo_components\images\train\0084.png,outputs\yolo_components\labels\train\0084.txt,1411,578,15,0
0085,train,D:\赛题六公开数据集\赛题六公开数据集\200_train_cases\0085\0085-Datasheet.png,D:\赛题六公开数据集\赛题六公开数据集\200_train_cases\0085\0085-Datasheet_target_named.json,outputs\yolo_components\images\train\0085.png,outputs\yolo_components\labels\train\0085.txt,800,1041,31,0
0086,train,D:\赛题六公开数据集\赛题六公开数据集\200_train_cases\0086\0086-Datasheet.png,D:\赛题六公开数据集\赛题六公开数据集\200_train_cases\0086\0086-Datasheet_target_named.json,outputs\yolo_components\images\train\0086.png,outputs\yolo_components\labels\train\0086.txt,1417,813,66,0
0087,train,D:\赛题六公开数据集\赛题六公开数据集\200_train_cases\0087\0087-KiCad.png,D:\赛题六公开数据集\赛题六公开数据集\200_train_cases\0087\0087-KiCad_target_named.json,outputs\yolo_components\images\train\0087.png,outputs\yolo_components\labels\train\0087.txt,1654,1170,112,0
0088,train,D:\赛题六公开数据集\赛题六公开数据集\200_train_cases\0088\0088-Datasheet.png,D:\赛题六公开数据集\赛题六公开数据集\200_train_cases\0088\0088-Datasheet_target_named.json,outputs\yolo_components\images\train\0088.png,outputs\yolo_components\labels\train\0088.txt,722,339,18,0
0089,train,D:\赛题六公开数据集\赛题六公开数据集\200_train_cases\0089\0089-Datasheet.png,D:\赛题六公开数据集\赛题六公开数据集\200_train_cases\0089\0089-Datasheet_target_named.json,outputs\yolo_components\images\train\0089.png,outputs\yolo_components\labels\train\0089.txt,1080,711,26,0
0090,train,D:\赛题六公开数据集\赛题六公开数据集\200_train_cases\0090\0090-Datasheet.png,D:\赛题六公开数据集\赛题六公开数据集\200_train_cases\0090\0090-Datasheet_target_named.json,outputs\yolo_components\images\train\0090.png,outputs\yolo_components\labels\train\0090.txt,482,755,19,0
0091,train,D:\赛题六公开数据集\赛题六公开数据集\200_train_cases\0091\0091-KiCad.png,D:\赛题六公开数据集\赛题六公开数据集\200_train_cases\0091\0091-KiCad_target_named.json,outputs\yolo_components\images\train\0091.png,outputs\yolo_components\labels\train\0091.txt,1170,827,32,0
0092,train,D:\赛题六公开数据集\赛题六公开数据集\200_train_cases\0092\0092-Datasheet.png,D:\赛题六公开数据集\赛题六公开数据集\200_train_cases\0092\0092-Datasheet_target_named.json,outputs\yolo_components\images\train\0092.png,outputs\yolo_components\labels\train\0092.txt,1256,748,50,0
0093,train,D:\赛题六公开数据集\赛题六公开数据集\200_train_cases\0093\0093-kicad.png,D:\赛题六公开数据集\赛题六公开数据集\200_train_cases\0093\0093-kicad_target_named.json,outputs\yolo_components\images\train\0093.png,outputs\yolo_components\labels\train\0093.txt,954,610,12,0
0094,train,D:\赛题六公开数据集\赛题六公开数据集\200_train_cases\0094\0094-Altium Designer.png,D:\赛题六公开数据集\赛题六公开数据集\200_train_cases\0094\0094-Altium Designer_target_named.json,outputs\yolo_components\images\train\0094.png,outputs\yolo_components\labels\train\0094.txt,800,484,16,0
0095,train,D:\赛题六公开数据集\赛题六公开数据集\200_train_cases\0095\0095-Altium Designer.png,D:\赛题六公开数据集\赛题六公开数据集\200_train_cases\0095\0095-Altium Designer_target_named.json,outputs\yolo_components\images\train\0095.png,outputs\yolo_components\labels\train\0095.txt,1080,672,38,0
0096,train,D:\赛题六公开数据集\赛题六公开数据集\200_train_cases\0096\0096-Datasheet.png,D:\赛题六公开数据集\赛题六公开数据集\200_train_cases\0096\0096-Datasheet_target_named.json,outputs\yolo_components\images\train\0096.png,outputs\yolo_components\labels\train\0096.txt,1420,961,28,0
0097,train,D:\赛题六公开数据集\赛题六公开数据集\200_train_cases\0097\0097-other.png,D:\赛题六公开数据集\赛题六公开数据集\200_train_cases\0097\0097-other_target_named.json,outputs\yolo_components\images\train\0097.png,outputs\yolo_components\labels\train\0097.txt,1097,459,38,0
0098,train,D:\赛题六公开数据集\赛题六公开数据集\200_train_cases\0098\0098-Datasheet.png,D:\赛题六公开数据集\赛题六公开数据集\200_train_cases\0098\0098-Datasheet_target_named.json,outputs\yolo_components\images\train\0098.png,outputs\yolo_components\labels\train\0098.txt,658,586,9,0
0099,train,D:\赛题六公开数据集\赛题六公开数据集\200_train_cases\0099\0099-other.png,D:\赛题六公开数据集\赛题六公开数据集\200_train_cases\0099\0099-other_target_named.json,outputs\yolo_components\images\train\0099.png,outputs\yolo_components\labels\train\0099.txt,907,731,28,0
0100,train,D:\赛题六公开数据集\赛题六公开数据集\200_train_cases\0100\0100-Datasheet.png,D:\赛题六公开数据集\赛题六公开数据集\200_train_cases\0100\0100-Datasheet_target_named.json,outputs\yolo_components\images\train\0100.png,outputs\yolo_components\labels\train\0100.txt,933,625,39,0
0101,train,D:\赛题六公开数据集\赛题六公开数据集\200_train_cases\0101\0101-jlc.png,D:\赛题六公开数据集\赛题六公开数据集\200_train_cases\0101\0101-jlc_target_named.json,outputs\yolo_components\images\train\0101.png,outputs\yolo_components\labels\train\0101.txt,1190,845,67,0
0103,train,D:\赛题六公开数据集\赛题六公开数据集\200_train_cases\0103\0103-jlc.png,D:\赛题六公开数据集\赛题六公开数据集\200_train_cases\0103\0103-jlc_target_named.json,outputs\yolo_components\images\train\0103.png,outputs\yolo_components\labels\train\0103.txt,1190,845,54,0
0104,train,D:\赛题六公开数据集\赛题六公开数据集\200_train_cases\0104\0104-jlc.png,D:\赛题六公开数据集\赛题六公开数据集\200_train_cases\0104\0104-jlc_target_named.json,outputs\yolo_components\images\train\0104.png,outputs\yolo_components\labels\train\0104.txt,1190,845,66,0
0105,train,D:\赛题六公开数据集\赛题六公开数据集\200_train_cases\0105\0105-jlc.png,D:\赛题六公开数据集\赛题六公开数据集\200_train_cases\0105\0105-jlc_target_named.json,outputs\yolo_components\images\train\0105.png,outputs\yolo_components\labels\train\0105.txt,1190,845,57,0
0106,train,D:\赛题六公开数据集\赛题六公开数据集\200_train_cases\0106\0106-jlc.png,D:\赛题六公开数据集\赛题六公开数据集\200_train_cases\0106\0106-jlc_target_named.json,outputs\yolo_components\images\train\0106.png,outputs\yolo_components\labels\train\0106.txt,1190,845,101,0
0107,train,D:\赛题六公开数据集\赛题六公开数据集\200_train_cases\0107\0107-jlc.png,D:\赛题六公开数据集\赛题六公开数据集\200_train_cases\0107\0107-jlc_target_named.json,outputs\yolo_components\images\train\0107.png,outputs\yolo_components\labels\train\0107.txt,1675,1190,120,0
0108,train,D:\赛题六公开数据集\赛题六公开数据集\200_train_cases\0108\0108-jlc.png,D:\赛题六公开数据集\赛题六公开数据集\200_train_cases\0108\0108-jlc_target_named.json,outputs\yolo_components\images\train\0108.png,outputs\yolo_components\labels\train\0108.txt,925,700,53,0
0109,train,D:\赛题六公开数据集\赛题六公开数据集\200_train_cases\0109\0109-jlc.png,D:\赛题六公开数据集\赛题六公开数据集\200_train_cases\0109\0109-jlc_target_named.json,outputs\yolo_components\images\train\0109.png,outputs\yolo_components\labels\train\0109.txt,1190,845,37,0
0110,train,D:\赛题六公开数据集\赛题六公开数据集\200_train_cases\0110\0110-jlc.png,D:\赛题六公开数据集\赛题六公开数据集\200_train_cases\0110\0110-jlc_target_named.json,outputs\yolo_components\images\train\0110.png,outputs\yolo_components\labels\train\0110.txt,1190,845,49,0
0113,train,D:\赛题六公开数据集\赛题六公开数据集\200_train_cases\0113\0113-jlc.png,D:\赛题六公开数据集\赛题六公开数据集\200_train_cases\0113\0113-jlc_target_named.json,outputs\yolo_components\images\train\0113.png,outputs\yolo_components\labels\train\0113.txt,1190,845,32,0
0114,train,D:\赛题六公开数据集\赛题六公开数据集\200_train_cases\0114\0114-jlc.png,D:\赛题六公开数据集\赛题六公开数据集\200_train_cases\0114\0114-jlc_target_named.json,outputs\yolo_components\images\train\0114.png,outputs\yolo_components\labels\train\0114.txt,1675,1190,109,0
0115,train,D:\赛题六公开数据集\赛题六公开数据集\200_train_cases\0115\0115-jlc.png,D:\赛题六公开数据集\赛题六公开数据集\200_train_cases\0115\0115-jlc_target_named.json,outputs\yolo_components\images\train\0115.png,outputs\yolo_components\labels\train\0115.txt,1190,845,34,0
0116,train,D:\赛题六公开数据集\赛题六公开数据集\200_train_cases\0116\0116-jlc.png,D:\赛题六公开数据集\赛题六公开数据集\200_train_cases\0116\0116-jlc_target_named.json,outputs\yolo_components\images\train\0116.png,outputs\yolo_components\labels\train\0116.txt,1920,1360,119,0
0117,train,D:\赛题六公开数据集\赛题六公开数据集\200_train_cases\0117\0117-jlc.png,D:\赛题六公开数据集\赛题六公开数据集\200_train_cases\0117\0117-jlc_target_named.json,outputs\yolo_components\images\train\0117.png,outputs\yolo_components\labels\train\0117.txt,1140,840,89,0
0118,train,D:\赛题六公开数据集\赛题六公开数据集\200_train_cases\0118\0118-jlc.png,D:\赛题六公开数据集\赛题六公开数据集\200_train_cases\0118\0118-jlc_target_named.json,outputs\yolo_components\images\train\0118.png,outputs\yolo_components\labels\train\0118.txt,846,602,41,0
0119,train,D:\赛题六公开数据集\赛题六公开数据集\200_train_cases\0119\0119-Datasheet.png,D:\赛题六公开数据集\赛题六公开数据集\200_train_cases\0119\0119-Datasheet_target_named.json,outputs\yolo_components\images\train\0119.png,outputs\yolo_components\labels\train\0119.txt,522,401,5,0
0120,train,D:\赛题六公开数据集\赛题六公开数据集\200_train_cases\0120\0120-jlc.png,D:\赛题六公开数据集\赛题六公开数据集\200_train_cases\0120\0120-jlc_target_named.json,outputs\yolo_components\images\train\0120.png,outputs\yolo_components\labels\train\0120.txt,1675,1190,30,0
0121,train,D:\赛题六公开数据集\赛题六公开数据集\200_train_cases\0121\0121-jlc.png,D:\赛题六公开数据集\赛题六公开数据集\200_train_cases\0121\0121-jlc_target_named.json,outputs\yolo_components\images\train\0121.png,outputs\yolo_components\labels\train\0121.txt,846,602,45,0
0124,train,D:\赛题六公开数据集\赛题六公开数据集\200_train_cases\0124\0124-jlc.png,D:\赛题六公开数据集\赛题六公开数据集\200_train_cases\0124\0124-jlc_target_named.json,outputs\yolo_components\images\train\0124.png,outputs\yolo_components\labels\train\0124.txt,1190,845,61,0
0125,train,D:\赛题六公开数据集\赛题六公开数据集\200_train_cases\0125\0125-jlc.png,D:\赛题六公开数据集\赛题六公开数据集\200_train_cases\0125\0125-jlc_target_named.json,outputs\yolo_components\images\train\0125.png,outputs\yolo_components\labels\train\0125.txt,1190,845,22,0
0126,train,D:\赛题六公开数据集\赛题六公开数据集\200_train_cases\0126\0126-jlc.png,D:\赛题六公开数据集\赛题六公开数据集\200_train_cases\0126\0126-jlc_target_named.json,outputs\yolo_components\images\train\0126.png,outputs\yolo_components\labels\train\0126.txt,1190,845,42,0
0128,train,D:\赛题六公开数据集\赛题六公开数据集\200_train_cases\0128\0128-jlc.png,D:\赛题六公开数据集\赛题六公开数据集\200_train_cases\0128\0128-jlc_target_named.json,outputs\yolo_components\images\train\0128.png,outputs\yolo_components\labels\train\0128.txt,1190,845,26,0
0130,train,D:\赛题六公开数据集\赛题六公开数据集\200_train_cases\0130\0130-jlc.png,D:\赛题六公开数据集\赛题六公开数据集\200_train_cases\0130\0130-jlc_target_named.json,outputs\yolo_components\images\train\0130.png,outputs\yolo_components\labels\train\0130.txt,1190,845,56,0
0132,train,D:\赛题六公开数据集\赛题六公开数据集\200_train_cases\0132\0132-jlc.png,D:\赛题六公开数据集\赛题六公开数据集\200_train_cases\0132\0132-jlc_target_named.json,outputs\yolo_components\images\train\0132.png,outputs\yolo_components\labels\train\0132.txt,1169,826,31,0
0133,train,D:\赛题六公开数据集\赛题六公开数据集\200_train_cases\0133\0133-jlc.png,D:\赛题六公开数据集\赛题六公开数据集\200_train_cases\0133\0133-jlc_target_named.json,outputs\yolo_components\images\train\0133.png,outputs\yolo_components\labels\train\0133.txt,1190,845,34,0
0134,train,D:\赛题六公开数据集\赛题六公开数据集\200_train_cases\0134\0134-jlc.png,D:\赛题六公开数据集\赛题六公开数据集\200_train_cases\0134\0134-jlc_target_named.json,outputs\yolo_components\images\train\0134.png,outputs\yolo_components\labels\train\0134.txt,2390,1190,53,0
0135,train,D:\赛题六公开数据集\赛题六公开数据集\200_train_cases\0135\0135-jlc.png,D:\赛题六公开数据集\赛题六公开数据集\200_train_cases\0135\0135-jlc_target_named.json,outputs\yolo_components\images\train\0135.png,outputs\yolo_components\labels\train\0135.txt,1190,845,43,0
0136,train,D:\赛题六公开数据集\赛题六公开数据集\200_train_cases\0136\0136-jlc.png,D:\赛题六公开数据集\赛题六公开数据集\200_train_cases\0136\0136-jlc_target_named.json,outputs\yolo_components\images\train\0136.png,outputs\yolo_components\labels\train\0136.txt,1169,826,43,0
0138,train,D:\赛题六公开数据集\赛题六公开数据集\200_train_cases\0138\0138-jlc.png,D:\赛题六公开数据集\赛题六公开数据集\200_train_cases\0138\0138-jlc_target_named.json,outputs\yolo_components\images\train\0138.png,outputs\yolo_components\labels\train\0138.txt,1190,845,109,0
0139,train,D:\赛题六公开数据集\赛题六公开数据集\200_train_cases\0139\0139-jlc.png,D:\赛题六公开数据集\赛题六公开数据集\200_train_cases\0139\0139-jlc_target_named.json,outputs\yolo_components\images\train\0139.png,outputs\yolo_components\labels\train\0139.txt,1190,845,39,0
0140,train,D:\赛题六公开数据集\赛题六公开数据集\200_train_cases\0140\0140-jlc.png,D:\赛题六公开数据集\赛题六公开数据集\200_train_cases\0140\0140-jlc_target_named.json,outputs\yolo_components\images\train\0140.png,outputs\yolo_components\labels\train\0140.txt,1190,845,74,0
0141,train,D:\赛题六公开数据集\赛题六公开数据集\200_train_cases\0141\0141-jlc.png,D:\赛题六公开数据集\赛题六公开数据集\200_train_cases\0141\0141-jlc_target_named.json,outputs\yolo_components\images\train\0141.png,outputs\yolo_components\labels\train\0141.txt,1675,1190,113,0
0142,train,D:\赛题六公开数据集\赛题六公开数据集\200_train_cases\0142\0142-jlc.png,D:\赛题六公开数据集\赛题六公开数据集\200_train_cases\0142\0142-jlc_target_named.json,outputs\yolo_components\images\train\0142.png,outputs\yolo_components\labels\train\0142.txt,846,602,41,0
0143,train,D:\赛题六公开数据集\赛题六公开数据集\200_train_cases\0143\0143-jlc.png,D:\赛题六公开数据集\赛题六公开数据集\200_train_cases\0143\0143-jlc_target_named.json,outputs\yolo_components\images\train\0143.png,outputs\yolo_components\labels\train\0143.txt,1190,845,24,0
0144,train,D:\赛题六公开数据集\赛题六公开数据集\200_train_cases\0144\0144-jlc.png,D:\赛题六公开数据集\赛题六公开数据集\200_train_cases\0144\0144-jlc_target_named.json,outputs\yolo_components\images\train\0144.png,outputs\yolo_components\labels\train\0144.txt,1190,845,36,0
0145,train,D:\赛题六公开数据集\赛题六公开数据集\200_train_cases\0145\0145-jlc.png,D:\赛题六公开数据集\赛题六公开数据集\200_train_cases\0145\0145-jlc_target_named.json,outputs\yolo_components\images\train\0145.png,outputs\yolo_components\labels\train\0145.txt,1675,1190,37,0
0146,train,D:\赛题六公开数据集\赛题六公开数据集\200_train_cases\0146\0146-jlc.png,D:\赛题六公开数据集\赛题六公开数据集\200_train_cases\0146\0146-jlc_target_named.json,outputs\yolo_components\images\train\0146.png,outputs\yolo_components\labels\train\0146.txt,1288,624,24,0
0147,train,D:\赛题六公开数据集\赛题六公开数据集\200_train_cases\0147\0147-jlc.png,D:\赛题六公开数据集\赛题六公开数据集\200_train_cases\0147\0147-jlc_target_named.json,outputs\yolo_components\images\train\0147.png,outputs\yolo_components\labels\train\0147.txt,1005,660,60,0
0148,train,D:\赛题六公开数据集\赛题六公开数据集\200_train_cases\0148\0148-jlc.png,D:\赛题六公开数据集\赛题六公开数据集\200_train_cases\0148\0148-jlc_target_named.json,outputs\yolo_components\images\train\0148.png,outputs\yolo_components\labels\train\0148.txt,1190,845,46,0
0149,train,D:\赛题六公开数据集\赛题六公开数据集\200_train_cases\0149\0149-jlc.png,D:\赛题六公开数据集\赛题六公开数据集\200_train_cases\0149\0149-jlc_target_named.json,outputs\yolo_components\images\train\0149.png,outputs\yolo_components\labels\train\0149.txt,1190,845,15,0
0150,train,D:\赛题六公开数据集\赛题六公开数据集\200_train_cases\0150\0150-jlc.png,D:\赛题六公开数据集\赛题六公开数据集\200_train_cases\0150\0150-jlc_target_named.json,outputs\yolo_components\images\train\0150.png,outputs\yolo_components\labels\train\0150.txt,1920,1360,114,0
0151,train,D:\赛题六公开数据集\赛题六公开数据集\200_train_cases\0151\0151-jlc.png,D:\赛题六公开数据集\赛题六公开数据集\200_train_cases\0151\0151-jlc_target_named.json,outputs\yolo_components\images\train\0151.png,outputs\yolo_components\labels\train\0151.txt,1190,845,66,0
0152,train,D:\赛题六公开数据集\赛题六公开数据集\200_train_cases\0152\0152-jlc.png,D:\赛题六公开数据集\赛题六公开数据集\200_train_cases\0152\0152-jlc_target_named.json,outputs\yolo_components\images\train\0152.png,outputs\yolo_components\labels\train\0152.txt,1190,845,49,0
0153,train,D:\赛题六公开数据集\赛题六公开数据集\200_train_cases\0153\0153-jlc.png,D:\赛题六公开数据集\赛题六公开数据集\200_train_cases\0153\0153-jlc_target_named.json,outputs\yolo_components\images\train\0153.png,outputs\yolo_components\labels\train\0153.txt,1190,845,42,0
0155,train,D:\赛题六公开数据集\赛题六公开数据集\200_train_cases\0155\0155-jlc.png,D:\赛题六公开数据集\赛题六公开数据集\200_train_cases\0155\0155-jlc_target_named.json,outputs\yolo_components\images\train\0155.png,outputs\yolo_components\labels\train\0155.txt,1169,826,20,0
0156,train,D:\赛题六公开数据集\赛题六公开数据集\200_train_cases\0156\0156-jlc.png,D:\赛题六公开数据集\赛题六公开数据集\200_train_cases\0156\0156-jlc_target_named.json,outputs\yolo_components\images\train\0156.png,outputs\yolo_components\labels\train\0156.txt,1190,845,18,0
0157,train,D:\赛题六公开数据集\赛题六公开数据集\200_train_cases\0157\0157-jlc.png,D:\赛题六公开数据集\赛题六公开数据集\200_train_cases\0157\0157-jlc_target_named.json,outputs\yolo_components\images\train\0157.png,outputs\yolo_components\labels\train\0157.txt,1190,845,27,0
0158,train,D:\赛题六公开数据集\赛题六公开数据集\200_train_cases\0158\0158-jlc.png,D:\赛题六公开数据集\赛题六公开数据集\200_train_cases\0158\0158-jlc_target_named.json,outputs\yolo_components\images\train\0158.png,outputs\yolo_components\labels\train\0158.txt,1190,845,25,0
0161,train,D:\赛题六公开数据集\赛题六公开数据集\200_train_cases\0161\0161-jlc.png,D:\赛题六公开数据集\赛题六公开数据集\200_train_cases\0161\0161-jlc_target_named.json,outputs\yolo_components\images\train\0161.png,outputs\yolo_components\labels\train\0161.txt,1366,530,60,0
0162,train,D:\赛题六公开数据集\赛题六公开数据集\200_train_cases\0162\0162-jlc.png,D:\赛题六公开数据集\赛题六公开数据集\200_train_cases\0162\0162-jlc_target_named.json,outputs\yolo_components\images\train\0162.png,outputs\yolo_components\labels\train\0162.txt,1169,826,44,0
0164,train,D:\赛题六公开数据集\赛题六公开数据集\200_train_cases\0164\0164-Datasheet.png,D:\赛题六公开数据集\赛题六公开数据集\200_train_cases\0164\0164-Datasheet_target_named.json,outputs\yolo_components\images\train\0164.png,outputs\yolo_components\labels\train\0164.txt,530,266,18,0
0165,train,D:\赛题六公开数据集\赛题六公开数据集\200_train_cases\0165\0165-jlc.png,D:\赛题六公开数据集\赛题六公开数据集\200_train_cases\0165\0165-jlc_target_named.json,outputs\yolo_components\images\train\0165.png,outputs\yolo_components\labels\train\0165.txt,1190,845,45,0
0166,train,D:\赛题六公开数据集\赛题六公开数据集\200_train_cases\0166\0166-jlc.png,D:\赛题六公开数据集\赛题六公开数据集\200_train_cases\0166\0166-jlc_target_named.json,outputs\yolo_components\images\train\0166.png,outputs\yolo_components\labels\train\0166.txt,1190,845,122,0
0167,train,D:\赛题六公开数据集\赛题六公开数据集\200_train_cases\0167\0167-jlc.png,D:\赛题六公开数据集\赛题六公开数据集\200_train_cases\0167\0167-jlc_target_named.json,outputs\yolo_components\images\train\0167.png,outputs\yolo_components\labels\train\0167.txt,699,393,13,0
0169,train,D:\赛题六公开数据集\赛题六公开数据集\200_train_cases\0169\0169-jlc.png,D:\赛题六公开数据集\赛题六公开数据集\200_train_cases\0169\0169-jlc_target_named.json,outputs\yolo_components\images\train\0169.png,outputs\yolo_components\labels\train\0169.txt,1169,530,50,0
0170,train,D:\赛题六公开数据集\赛题六公开数据集\200_train_cases\0170\0170-jlc.png,D:\赛题六公开数据集\赛题六公开数据集\200_train_cases\0170\0170-jlc_target_named.json,outputs\yolo_components\images\train\0170.png,outputs\yolo_components\labels\train\0170.txt,1190,845,122,0
0172,train,D:\赛题六公开数据集\赛题六公开数据集\200_train_cases\0172\0172-jlc.png,D:\赛题六公开数据集\赛题六公开数据集\200_train_cases\0172\0172-jlc_target_named.json,outputs\yolo_components\images\train\0172.png,outputs\yolo_components\labels\train\0172.txt,1190,845,56,0
0174,train,D:\赛题六公开数据集\赛题六公开数据集\200_train_cases\0174\0174-jlc.png,D:\赛题六公开数据集\赛题六公开数据集\200_train_cases\0174\0174-jlc_target_named.json,outputs\yolo_components\images\train\0174.png,outputs\yolo_components\labels\train\0174.txt,1190,845,127,0
0175,train,D:\赛题六公开数据集\赛题六公开数据集\200_train_cases\0175\0175-jlc.png,D:\赛题六公开数据集\赛题六公开数据集\200_train_cases\0175\0175-jlc_target_named.json,outputs\yolo_components\images\train\0175.png,outputs\yolo_components\labels\train\0175.txt,1675,1190,108,0
0176,train,D:\赛题六公开数据集\赛题六公开数据集\200_train_cases\0176\0176-jlc.png,D:\赛题六公开数据集\赛题六公开数据集\200_train_cases\0176\0176-jlc_target_named.json,outputs\yolo_components\images\train\0176.png,outputs\yolo_components\labels\train\0176.txt,1190,845,49,0
0177,train,D:\赛题六公开数据集\赛题六公开数据集\200_train_cases\0177\0177-jlc.png,D:\赛题六公开数据集\赛题六公开数据集\200_train_cases\0177\0177-jlc_target_named.json,outputs\yolo_components\images\train\0177.png,outputs\yolo_components\labels\train\0177.txt,1190,845,62,0
0178,train,D:\赛题六公开数据集\赛题六公开数据集\200_train_cases\0178\0178-jlc.png,D:\赛题六公开数据集\赛题六公开数据集\200_train_cases\0178\0178-jlc_target_named.json,outputs\yolo_components\images\train\0178.png,outputs\yolo_components\labels\train\0178.txt,920,655,47,0
0179,train,D:\赛题六公开数据集\赛题六公开数据集\200_train_cases\0179\0179-jlc.png,D:\赛题六公开数据集\赛题六公开数据集\200_train_cases\0179\0179-jlc_target_named.json,outputs\yolo_components\images\train\0179.png,outputs\yolo_components\labels\train\0179.txt,1675,1190,50,0
0180,train,D:\赛题六公开数据集\赛题六公开数据集\200_train_cases\0180\0180-jlc.png,D:\赛题六公开数据集\赛题六公开数据集\200_train_cases\0180\0180-jlc_target_named.json,outputs\yolo_components\images\train\0180.png,outputs\yolo_components\labels\train\0180.txt,1190,845,34,0
0181,train,D:\赛题六公开数据集\赛题六公开数据集\200_train_cases\0181\0181-jlc.png,D:\赛题六公开数据集\赛题六公开数据集\200_train_cases\0181\0181-jlc_target_named.json,outputs\yolo_components\images\train\0181.png,outputs\yolo_components\labels\train\0181.txt,1190,845,62,0
0182,train,D:\赛题六公开数据集\赛题六公开数据集\200_train_cases\0182\0182-jlc.png,D:\赛题六公开数据集\赛题六公开数据集\200_train_cases\0182\0182-jlc_target_named.json,outputs\yolo_components\images\train\0182.png,outputs\yolo_components\labels\train\0182.txt,1190,845,62,0
0183,train,D:\赛题六公开数据集\赛题六公开数据集\200_train_cases\0183\0183-jlc.png,D:\赛题六公开数据集\赛题六公开数据集\200_train_cases\0183\0183-jlc_target_named.json,outputs\yolo_components\images\train\0183.png,outputs\yolo_components\labels\train\0183.txt,1190,845,45,0
0184,train,D:\赛题六公开数据集\赛题六公开数据集\200_train_cases\0184\0184-other.png,D:\赛题六公开数据集\赛题六公开数据集\200_train_cases\0184\0184-other_target_named.json,outputs\yolo_components\images\train\0184.png,outputs\yolo_components\labels\train\0184.txt,800,495,41,0
0185,train,D:\赛题六公开数据集\赛题六公开数据集\200_train_cases\0185\0185-jlc.png,D:\赛题六公开数据集\赛题六公开数据集\200_train_cases\0185\0185-jlc_target_named.json,outputs\yolo_components\images\train\0185.png,outputs\yolo_components\labels\train\0185.txt,1190,845,65,0
0186,train,D:\赛题六公开数据集\赛题六公开数据集\200_train_cases\0186\0186-jlc.png,D:\赛题六公开数据集\赛题六公开数据集\200_train_cases\0186\0186-jlc_target_named.json,outputs\yolo_components\images\train\0186.png,outputs\yolo_components\labels\train\0186.txt,1190,845,60,0
0189,train,D:\赛题六公开数据集\赛题六公开数据集\200_train_cases\0189\0189-jlc.png,D:\赛题六公开数据集\赛题六公开数据集\200_train_cases\0189\0189-jlc_target_named.json,outputs\yolo_components\images\train\0189.png,outputs\yolo_components\labels\train\0189.txt,1190,845,111,0
0190,train,D:\赛题六公开数据集\赛题六公开数据集\200_train_cases\0190\0190-jlc.png,D:\赛题六公开数据集\赛题六公开数据集\200_train_cases\0190\0190-jlc_target_named.json,outputs\yolo_components\images\train\0190.png,outputs\yolo_components\labels\train\0190.txt,1190,845,95,0
0191,train,D:\赛题六公开数据集\赛题六公开数据集\200_train_cases\0191\0191-jlc.png,D:\赛题六公开数据集\赛题六公开数据集\200_train_cases\0191\0191-jlc_target_named.json,outputs\yolo_components\images\train\0191.png,outputs\yolo_components\labels\train\0191.txt,1190,845,115,0
0192,train,D:\赛题六公开数据集\赛题六公开数据集\200_train_cases\0192\0192-jlc.png,D:\赛题六公开数据集\赛题六公开数据集\200_train_cases\0192\0192-jlc_target_named.json,outputs\yolo_components\images\train\0192.png,outputs\yolo_components\labels\train\0192.txt,1190,845,53,0
0193,train,D:\赛题六公开数据集\赛题六公开数据集\200_train_cases\0193\0193-jlc.png,D:\赛题六公开数据集\赛题六公开数据集\200_train_cases\0193\0193-jlc_target_named.json,outputs\yolo_components\images\train\0193.png,outputs\yolo_components\labels\train\0193.txt,1675,1190,185,0
0197,train,D:\赛题六公开数据集\赛题六公开数据集\200_train_cases\0197\0197-jlc.png,D:\赛题六公开数据集\赛题六公开数据集\200_train_cases\0197\0197-jlc_target_named.json,outputs\yolo_components\images\train\0197.png,outputs\yolo_components\labels\train\0197.txt,1190,845,117,0
0198,train,D:\赛题六公开数据集\赛题六公开数据集\200_train_cases\0198\0198-jlc.png,D:\赛题六公开数据集\赛题六公开数据集\200_train_cases\0198\0198-jlc_target_named.json,outputs\yolo_components\images\train\0198.png,outputs\yolo_components\labels\train\0198.txt,922,620,50,0
0199,train,D:\赛题六公开数据集\赛题六公开数据集\200_train_cases\0199\0199-jlc.png,D:\赛题六公开数据集\赛题六公开数据集\200_train_cases\0199\0199-jlc_target_named.json,outputs\yolo_components\images\train\0199.png,outputs\yolo_components\labels\train\0199.txt,1190,852,64,0
0200,train,D:\赛题六公开数据集\赛题六公开数据集\200_train_cases\0200\0200-jlc.png,D:\赛题六公开数据集\赛题六公开数据集\200_train_cases\0200\0200-jlc_target_named.json,outputs\yolo_components\images\train\0200.png,outputs\yolo_components\labels\train\0200.txt,1675,1190,156,0
0003,val,D:\赛题六公开数据集\赛题六公开数据集\200_train_cases\0003\0003-Altium Designer.png,D:\赛题六公开数据集\赛题六公开数据集\200_train_cases\0003\0003-Altium Designer_target_named.json,outputs\yolo_components\images\val\0003.png,outputs\yolo_components\labels\val\0003.txt,4491,3173,36,0
0004,val,D:\赛题六公开数据集\赛题六公开数据集\200_train_cases\0004\0004-other.png,D:\赛题六公开数据集\赛题六公开数据集\200_train_cases\0004\0004-other_target_named.json,outputs\yolo_components\images\val\0004.png,outputs\yolo_components\labels\val\0004.txt,868,680,59,0
0006,val,D:\赛题六公开数据集\赛题六公开数据集\200_train_cases\0006\0006-jlc.png,D:\赛题六公开数据集\赛题六公开数据集\200_train_cases\0006\0006-jlc_target_named.json,outputs\yolo_components\images\val\0006.png,outputs\yolo_components\labels\val\0006.txt,1190,845,86,0
0013,val,D:\赛题六公开数据集\赛题六公开数据集\200_train_cases\0013\0013-KiCad.png,D:\赛题六公开数据集\赛题六公开数据集\200_train_cases\0013\0013-KiCad_target_named.json,outputs\yolo_components\images\val\0013.png,outputs\yolo_components\labels\val\0013.txt,1170,827,30,0
0014,val,D:\赛题六公开数据集\赛题六公开数据集\200_train_cases\0014\0014-Altium Designer.png,D:\赛题六公开数据集\赛题六公开数据集\200_train_cases\0014\0014-Altium Designer_target_named.json,outputs\yolo_components\images\val\0014.png,outputs\yolo_components\labels\val\0014.txt,3450,2280,33,0
0016,val,D:\赛题六公开数据集\赛题六公开数据集\200_train_cases\0016\0016-Datasheet.png,D:\赛题六公开数据集\赛题六公开数据集\200_train_cases\0016\0016-Datasheet_target_named.json,outputs\yolo_components\images\val\0016.png,outputs\yolo_components\labels\val\0016.txt,1618,1079,55,0
0031,val,D:\赛题六公开数据集\赛题六公开数据集\200_train_cases\0031\0031-Datasheet.png,D:\赛题六公开数据集\赛题六公开数据集\200_train_cases\0031\0031-Datasheet_target_named.json,outputs\yolo_components\images\val\0031.png,outputs\yolo_components\labels\val\0031.txt,1691,776,21,0
0033,val,D:\赛题六公开数据集\赛题六公开数据集\200_train_cases\0033\0033-Datasheet.png,D:\赛题六公开数据集\赛题六公开数据集\200_train_cases\0033\0033-Datasheet_target_named.json,outputs\yolo_components\images\val\0033.png,outputs\yolo_components\labels\val\0033.txt,659,442,23,0
0037,val,D:\赛题六公开数据集\赛题六公开数据集\200_train_cases\0037\0037-Datasheet.png,D:\赛题六公开数据集\赛题六公开数据集\200_train_cases\0037\0037-Datasheet_target_named.json,outputs\yolo_components\images\val\0037.png,outputs\yolo_components\labels\val\0037.txt,701,675,13,0
0038,val,D:\赛题六公开数据集\赛题六公开数据集\200_train_cases\0038\0038-Altium Designer.png,D:\赛题六公开数据集\赛题六公开数据集\200_train_cases\0038\0038-Altium Designer_target_named.json,outputs\yolo_components\images\val\0038.png,outputs\yolo_components\labels\val\0038.txt,1119,346,15,0
0043,val,D:\赛题六公开数据集\赛题六公开数据集\200_train_cases\0043\0043-Altium Designer.png,D:\赛题六公开数据集\赛题六公开数据集\200_train_cases\0043\0043-Altium Designer_target_named.json,outputs\yolo_components\images\val\0043.png,outputs\yolo_components\labels\val\0043.txt,4491,3173,50,0
0045,val,D:\赛题六公开数据集\赛题六公开数据集\200_train_cases\0045\0045-Altium Designer.png,D:\赛题六公开数据集\赛题六公开数据集\200_train_cases\0045\0045-Altium Designer_target_named.json,outputs\yolo_components\images\val\0045.png,outputs\yolo_components\labels\val\0045.txt,481,448,46,0
0046,val,D:\赛题六公开数据集\赛题六公开数据集\200_train_cases\0046\0046-Datasheet.png,D:\赛题六公开数据集\赛题六公开数据集\200_train_cases\0046\0046-Datasheet_target_named.json,outputs\yolo_components\images\val\0046.png,outputs\yolo_components\labels\val\0046.txt,5100,3296,111,0
0048,val,D:\赛题六公开数据集\赛题六公开数据集\200_train_cases\0048\0048-Datasheet.png,D:\赛题六公开数据集\赛题六公开数据集\200_train_cases\0048\0048-Datasheet_target_named.json,outputs\yolo_components\images\val\0048.png,outputs\yolo_components\labels\val\0048.txt,1340,672,38,0
0062,val,D:\赛题六公开数据集\赛题六公开数据集\200_train_cases\0062\0062-Datasheet.png,D:\赛题六公开数据集\赛题六公开数据集\200_train_cases\0062\0062-Datasheet_target_named.json,outputs\yolo_components\images\val\0062.png,outputs\yolo_components\labels\val\0062.txt,947,771,14,0
0065,val,D:\赛题六公开数据集\赛题六公开数据集\200_train_cases\0065\0065-Datasheet.png,D:\赛题六公开数据集\赛题六公开数据集\200_train_cases\0065\0065-Datasheet_target_named.json,outputs\yolo_components\images\val\0065.png,outputs\yolo_components\labels\val\0065.txt,578,297,17,0
0067,val,D:\赛题六公开数据集\赛题六公开数据集\200_train_cases\0067\0067-Datasheet.png,D:\赛题六公开数据集\赛题六公开数据集\200_train_cases\0067\0067-Datasheet_target_named.json,outputs\yolo_components\images\val\0067.png,outputs\yolo_components\labels\val\0067.txt,847,458,15,0
0070,val,D:\赛题六公开数据集\赛题六公开数据集\200_train_cases\0070\0070-Datasheet.png,D:\赛题六公开数据集\赛题六公开数据集\200_train_cases\0070\0070-Datasheet_target_named.json,outputs\yolo_components\images\val\0070.png,outputs\yolo_components\labels\val\0070.txt,1169,608,14,0
0077,val,D:\赛题六公开数据集\赛题六公开数据集\200_train_cases\0077\0077-Datasheet.png,D:\赛题六公开数据集\赛题六公开数据集\200_train_cases\0077\0077-Datasheet_target_named.json,outputs\yolo_components\images\val\0077.png,outputs\yolo_components\labels\val\0077.txt,4959,3509,57,0
0102,val,D:\赛题六公开数据集\赛题六公开数据集\200_train_cases\0102\0102-jlc.png,D:\赛题六公开数据集\赛题六公开数据集\200_train_cases\0102\0102-jlc_target_named.json,outputs\yolo_components\images\val\0102.png,outputs\yolo_components\labels\val\0102.txt,2362,1672,54,0
0111,val,D:\赛题六公开数据集\赛题六公开数据集\200_train_cases\0111\0111-jlc.png,D:\赛题六公开数据集\赛题六公开数据集\200_train_cases\0111\0111-jlc_target_named.json,outputs\yolo_components\images\val\0111.png,outputs\yolo_components\labels\val\0111.txt,1155,1402,162,0
0112,val,D:\赛题六公开数据集\赛题六公开数据集\200_train_cases\0112\0112-jlc.png,D:\赛题六公开数据集\赛题六公开数据集\200_train_cases\0112\0112-jlc_target_named.json,outputs\yolo_components\images\val\0112.png,outputs\yolo_components\labels\val\0112.txt,1470,1020,91,0
0122,val,D:\赛题六公开数据集\赛题六公开数据集\200_train_cases\0122\0122-jlc.png,D:\赛题六公开数据集\赛题六公开数据集\200_train_cases\0122\0122-jlc_target_named.json,outputs\yolo_components\images\val\0122.png,outputs\yolo_components\labels\val\0122.txt,1190,845,34,0
0123,val,D:\赛题六公开数据集\赛题六公开数据集\200_train_cases\0123\0123-other.png,D:\赛题六公开数据集\赛题六公开数据集\200_train_cases\0123\0123-other_target_named.json,outputs\yolo_components\images\val\0123.png,outputs\yolo_components\labels\val\0123.txt,1474,757,39,0
0127,val,D:\赛题六公开数据集\赛题六公开数据集\200_train_cases\0127\0127-jlc.png,D:\赛题六公开数据集\赛题六公开数据集\200_train_cases\0127\0127-jlc_target_named.json,outputs\yolo_components\images\val\0127.png,outputs\yolo_components\labels\val\0127.txt,1190,845,38,0
0129,val,D:\赛题六公开数据集\赛题六公开数据集\200_train_cases\0129\0129-jlc.png,D:\赛题六公开数据集\赛题六公开数据集\200_train_cases\0129\0129-jlc_target_named.json,outputs\yolo_components\images\val\0129.png,outputs\yolo_components\labels\val\0129.txt,1674,1221,17,0
0131,val,D:\赛题六公开数据集\赛题六公开数据集\200_train_cases\0131\0131-jlc.png,D:\赛题六公开数据集\赛题六公开数据集\200_train_cases\0131\0131-jlc_target_named.json,outputs\yolo_components\images\val\0131.png,outputs\yolo_components\labels\val\0131.txt,1190,845,17,0
0137,val,D:\赛题六公开数据集\赛题六公开数据集\200_train_cases\0137\0137-jlc.png,D:\赛题六公开数据集\赛题六公开数据集\200_train_cases\0137\0137-jlc_target_named.json,outputs\yolo_components\images\val\0137.png,outputs\yolo_components\labels\val\0137.txt,515,225,12,0
0154,val,D:\赛题六公开数据集\赛题六公开数据集\200_train_cases\0154\0154-jlc.png,D:\赛题六公开数据集\赛题六公开数据集\200_train_cases\0154\0154-jlc_target_named.json,outputs\yolo_components\images\val\0154.png,outputs\yolo_components\labels\val\0154.txt,468,230,15,0
0159,val,D:\赛题六公开数据集\赛题六公开数据集\200_train_cases\0159\0159-jlc.png,D:\赛题六公开数据集\赛题六公开数据集\200_train_cases\0159\0159-jlc_target_named.json,outputs\yolo_components\images\val\0159.png,outputs\yolo_components\labels\val\0159.txt,1190,845,48,0
0160,val,D:\赛题六公开数据集\赛题六公开数据集\200_train_cases\0160\0160-jlc.png,D:\赛题六公开数据集\赛题六公开数据集\200_train_cases\0160\0160-jlc_target_named.json,outputs\yolo_components\images\val\0160.png,outputs\yolo_components\labels\val\0160.txt,1190,845,56,0
0163,val,D:\赛题六公开数据集\赛题六公开数据集\200_train_cases\0163\0163-jlc.png,D:\赛题六公开数据集\赛题六公开数据集\200_train_cases\0163\0163-jlc_target_named.json,outputs\yolo_components\images\val\0163.png,outputs\yolo_components\labels\val\0163.txt,846,602,55,0
0168,val,D:\赛题六公开数据集\赛题六公开数据集\200_train_cases\0168\0168-jlc.png,D:\赛题六公开数据集\赛题六公开数据集\200_train_cases\0168\0168-jlc_target_named.json,outputs\yolo_components\images\val\0168.png,outputs\yolo_components\labels\val\0168.txt,780,401,58,0
0171,val,D:\赛题六公开数据集\赛题六公开数据集\200_train_cases\0171\0171-jlc.png,D:\赛题六公开数据集\赛题六公开数据集\200_train_cases\0171\0171-jlc_target_named.json,outputs\yolo_components\images\val\0171.png,outputs\yolo_components\labels\val\0171.txt,1675,1190,115,0
0173,val,D:\赛题六公开数据集\赛题六公开数据集\200_train_cases\0173\0173-jlc.png,D:\赛题六公开数据集\赛题六公开数据集\200_train_cases\0173\0173-jlc_target_named.json,outputs\yolo_components\images\val\0173.png,outputs\yolo_components\labels\val\0173.txt,1675,1190,60,0
0187,val,D:\赛题六公开数据集\赛题六公开数据集\200_train_cases\0187\0187-jlc.png,D:\赛题六公开数据集\赛题六公开数据集\200_train_cases\0187\0187-jlc_target_named.json,outputs\yolo_components\images\val\0187.png,outputs\yolo_components\labels\val\0187.txt,1190,845,53,0
0188,val,D:\赛题六公开数据集\赛题六公开数据集\200_train_cases\0188\0188-jlc.png,D:\赛题六公开数据集\赛题六公开数据集\200_train_cases\0188\0188-jlc_target_named.json,outputs\yolo_components\images\val\0188.png,outputs\yolo_components\labels\val\0188.txt,539,469,26,0
0194,val,D:\赛题六公开数据集\赛题六公开数据集\200_train_cases\0194\0194-jlc.png,D:\赛题六公开数据集\赛题六公开数据集\200_train_cases\0194\0194-jlc_target_named.json,outputs\yolo_components\images\val\0194.png,outputs\yolo_components\labels\val\0194.txt,1190,845,39,0
0195,val,D:\赛题六公开数据集\赛题六公开数据集\200_train_cases\0195\0195-jlc.png,D:\赛题六公开数据集\赛题六公开数据集\200_train_cases\0195\0195-jlc_target_named.json,outputs\yolo_components\images\val\0195.png,outputs\yolo_components\labels\val\0195.txt,1190,845,13,0
0196,val,D:\赛题六公开数据集\赛题六公开数据集\200_train_cases\0196\0196-jlc.png,D:\赛题六公开数据集\赛题六公开数据集\200_train_cases\0196\0196-jlc_target_named.json,outputs\yolo_components\images\val\0196.png,outputs\yolo_components\labels\val\0196.txt,846,602,18,0
